1;57840
2;57840
3;57834
4;57831
5;57822
6;57808
7;57811
8;57809
9;57818
10;57820
11;57820
12;57823
13;57801
14;57801
15;57796
16;57808
17;57799
18;57799
19;57798
20;57802
21;57807
22;57802
23;57807
24;57810
25;57811
26;57811
27;57811
28;57806
29;57805
30;57801
31;57795
32;57804
33;57803
34;57797
35;57796
36;57799
37;57798
38;57806
39;57809
40;57808
41;57804
42;57801
43;57804
44;57804
45;57807
46;57802
47;57803
48;57803
49;57809
50;57809
51;57807
52;57808
53;57807
54;57813
55;57813
56;57813
57;57803
58;57810
59;57803
60;57808
61;57808
62;57809
63;57809
64;57806
65;57805
66;57803
67;57805
68;57803
69;57805
70;57803
71;57803
72;57804
73;57804
74;57805
75;57806
76;57806
77;57803
78;57797
79;57802
80;57799
81;57800
82;57799
83;57800
84;57799
85;57799
86;57797
87;57800
88;57799
89;57799
90;57797
91;57796
92;57795
93;57795
94;57795
95;57795
96;57795
97;57796
98;57784
99;57790
100;57783
101;57783
102;57786
103;57783
104;57781
105;57784
106;57782
107;57781
108;57778
109;57779
110;57779
111;57779
112;57780
113;57776
114;57774
115;57778
116;57780
117;57775
118;57775
119;57776
120;57776
121;57775
122;57771
123;57767
124;57766
125;57774
126;57771
127;57772
128;57775
129;57774
130;57772
131;57771
132;57776
133;57769
134;57777
135;57774
136;57774
137;57775
138;57772
139;57773
140;57771
141;57774
142;57772
143;57773
144;57771
145;57774
146;57774
147;57773
148;57766
149;57771
150;57780
151;57773
152;57775
153;57772
154;57773
155;57771
156;57771
157;57773
158;57773
159;57772
160;57772
161;57770
162;57773
163;57772
164;57773
165;57772
166;57774
167;57774
168;57773
169;57773
170;57769
171;57774
172;57769
173;57769
174;57768
175;57768
176;57771
177;57771
178;57778
179;57769
180;57768
181;57773
182;57768
183;57768
184;57769
185;57769
186;57768
187;57766
188;57766
189;57762
190;57765
191;57764
192;57770
193;57768
194;57770
195;57771
196;57769
197;57768
198;57766
199;57768
200;57763
201;57766
202;57765
203;57763
204;57765
205;57765
206;57765
207;57767
208;57767
209;57766
210;57766
211;57767
212;57764
213;57764
214;57767
215;57767
216;57764
217;57767
218;57767
219;57764
220;57764
221;57764
222;57767
223;57763
224;57763
225;57764
226;57763
227;57762
228;57760
229;57761
230;57762
231;57762
232;57760
233;57762
234;57762
235;57761
236;57760
237;57760
238;57761
239;57758
240;57760
241;57762
242;57760
243;57762
244;57765
245;57763
246;57764
247;57763
248;57763
249;57760
250;57764
251;57761
252;57754
253;57760
254;57761
255;57760
256;57757
257;57757
258;57760
259;57755
260;57760
261;57760
262;57756
263;57760
264;57760
265;57761
266;57762
267;57763
268;57760
269;57766
270;57766
271;57764
272;57764
273;57760
274;57760
275;57765
276;57763
277;57763
278;57765
279;57766
280;57766
281;57764
282;57767
283;57761
284;57761
285;57765
286;57761
287;57761
288;57768
289;57769
290;57767
291;57765
292;57764
293;57770
294;57766
295;57769
296;57767
297;57767
298;57767
299;57767
300;57769
301;57773
302;57770
303;57773
304;57772
305;57769
306;57774
307;57773
308;57773
309;57772
310;57772
311;57774
312;57772
313;57772
314;57771
315;57770
316;57770
317;57772
318;57775
319;57767
320;57768
321;57771
322;57771
323;57767
324;57766
325;57766
326;57766
327;57765
328;57768
329;57765
330;57765
331;57771
332;57774
333;57775
334;57773
335;57773
336;57771
337;57774
338;57771
339;57774
340;57774
341;57775
342;57772
343;57774
344;57772
345;57772
346;57772
347;57775
348;57776
349;57775
350;57773
351;57770
352;57773
353;57773
354;57776
355;57772
356;57776
357;57776
358;57771
359;57771
360;57773
361;57773
362;57773
363;57773
364;57773
365;57773
366;57770
367;57770
368;57775
369;57769
370;57776
371;57776
372;57775
373;57775
374;57775
375;57774
376;57774
377;57772
378;57773
379;57771
380;57772
381;57773
382;57769
383;57774
384;57771
385;57771
386;57771
387;57771
388;57775
389;57775
390;57775
391;57777
392;57777
393;57778
394;57776
395;57776
396;57776
397;57779
398;57779
399;57779
400;57780
401;57780
402;57778
403;57780
404;57779
405;57780
406;57780
407;57781
408;57780
409;57780
410;57781
411;57782
412;57780
413;57781
414;57782
415;57781
416;57783
417;57783
418;57783
419;57781
420;57782
421;57782
422;57784
423;57782
424;57784
425;57783
426;57785
427;57786
428;57785
429;57785
430;57784
431;57788
432;57788
433;57785
434;57786
435;57788
436;57789
437;57787
438;57787
439;57787
440;57789
441;57789
442;57788
443;57789
444;57791
445;57792
446;57792
447;57791
448;57792
449;57791
450;57793
451;57794
452;57792
453;57792
454;57795
455;57795
456;57795
457;57795
458;57796
459;57794
460;57794
461;57794
462;57795
463;57796
464;57795
465;57796
466;57794
467;57791
468;57791
469;57794
470;57795
471;57795
472;57792
473;57792
474;57792
475;57791
476;57791
477;57791
478;57797
479;57797
480;57792
481;57795
482;57795
483;57792
484;57795
485;57795
486;57795
487;57795
488;57795
489;57797
490;57796
491;57796
492;57794
493;57793
494;57793
495;57793
496;57793
497;57793
498;57793
499;57793
500;57793
501;57792
502;57794
503;57794
504;57794
505;57794
506;57792
507;57794
508;57793
509;57793
510;57794
511;57794
512;57795
513;57795
514;57795
515;57797
516;57796
517;57796
518;57796
519;57799
520;57797
521;57797
522;57800
523;57798
524;57798
525;57798
526;57798
527;57798
528;57796
529;57799
530;57799
531;57799
532;57796
533;57798
534;57798
535;57793
536;57791
537;57795
538;57795
539;57795
540;57795
541;57791
542;57792
543;57796
544;57796
545;57796
546;57796
547;57794
548;57794
549;57793
550;57793
551;57796
552;57793
553;57796
554;57795
555;57793
556;57796
557;57796
558;57794
559;57796
560;57796
561;57796
562;57796
563;57796
564;57796
565;57795
566;57795
567;57795
568;57795
569;57793
570;57794
571;57794
572;57793
573;57793
574;57793
575;57796
576;57796
577;57796
578;57797
579;57797
580;57795
581;57795
582;57798
583;57798
584;57795
585;57797
586;57798
587;57795
588;57797
589;57797
590;57797
591;57798
592;57798
593;57796
594;57796
595;57798
596;57796
597;57798
598;57798
599;57798
600;57798
601;57798
602;57799
603;57796
604;57798
605;57799
606;57799
607;57798
608;57798
609;57795
610;57795
611;57798
612;57798
613;57799
614;57799
615;57796
616;57796
617;57795
618;57795
619;57795
620;57795
621;57795
622;57794
623;57794
624;57796
625;57794
626;57794
627;57793
628;57793
629;57793
630;57793
631;57793
632;57793
633;57796
634;57798
635;57795
636;57795
637;57795
638;57796
639;57796
640;57793
641;57795
642;57797
643;57794
644;57794
645;57794
646;57793
647;57793
648;57795
649;57792
650;57795
651;57795
652;57793
653;57795
654;57796
655;57795
656;57795
657;57793
658;57793
659;57795
660;57793
661;57793
662;57793
663;57793
664;57793
665;57794
666;57794
667;57795
668;57791
669;57791
670;57791
671;57794
672;57794
673;57794
674;57795
675;57793
676;57793
677;57796
678;57793
679;57793
680;57793
681;57794
682;57794
683;57797
684;57794
685;57793
686;57794
687;57792
688;57791
689;57793
690;57793
691;57793
692;57793
693;57791
694;57791
695;57792
696;57790
697;57790
698;57793
699;57793
700;57793
701;57792
702;57793
703;57789
704;57789
705;57791
706;57791
707;57790
708;57790
709;57787
710;57786
711;57788
712;57788
713;57787
714;57787
715;57782
716;57787
717;57787
718;57784
719;57786
720;57786
721;57782
722;57782
723;57782
724;57783
725;57782
726;57782
727;57786
728;57789
729;57783
730;57783
731;57785
732;57786
733;57786
734;57786
735;57786
736;57783
737;57782
738;57783
739;57783
740;57783
741;57782
742;57782
743;57777
744;57771
745;57772
746;57774
747;57774
748;57774
749;57773
750;57774
751;57774
752;57774
753;57775
754;57772
755;57773
756;57772
757;57772
758;57771
759;57772
760;57772
761;57772
762;57772
763;57772
764;57772
765;57773
766;57771
767;57770
768;57770
769;57770
770;57770
771;57770
772;57770
773;57770
774;57769
775;57769
776;57769
777;57769
778;57768
779;57767
780;57766
781;57768
782;57771
783;57771
784;57767
785;57767
786;57768
787;57768
788;57768
789;57768
790;57767
791;57768
792;57765
793;57765
794;57765
795;57764
796;57764
797;57764
798;57764
799;57764
800;57764
801;57764
802;57765
803;57765
804;57765
805;57765
806;57764
807;57764
808;57764
809;57764
810;57764
811;57764
812;57765
813;57766
814;57764
815;57763
816;57763
817;57763
818;57762
819;57765
820;57765
821;57763
822;57763
823;57764
824;57764
825;57764
826;57765
827;57765
828;57764
829;57766
830;57763
831;57765
832;57762
833;57764
834;57764
835;57764
836;57763
837;57763
838;57761
839;57763
840;57763
841;57762
842;57763
843;57762
844;57762
845;57761
846;57761
847;57763
848;57761
849;57761
850;57761
851;57761
852;57762
853;57763
854;57760
855;57761
856;57761
857;57763
858;57762
859;57764
860;57764
861;57764
862;57762
863;57762
864;57762
865;57760
866;57759
867;57760
868;57758
869;57758
870;57760
871;57760
872;57760
873;57761
874;57760
875;57760
876;57761
877;57760
878;57760
879;57760
880;57760
881;57760
882;57759
883;57759
884;57760
885;57760
886;57759
887;57758
888;57758
889;57760
890;57758
891;57758
892;57756
893;57758
894;57758
895;57760
896;57758
897;57758
898;57759
899;57759
900;57756
901;57754
902;57754
903;57755
904;57755
905;57756
906;57756
907;57756
908;57756
909;57753
910;57756
911;57756
912;57755
913;57755
914;57755
915;57755
916;57755
917;57755
918;57756
919;57756
920;57754
921;57756
922;57756
923;57754
924;57754
925;57753
926;57755
927;57754
928;57755
929;57752
930;57754
931;57755
932;57754
933;57752
934;57755
935;57755
936;57755
937;57755
938;57755
939;57755
940;57755
941;57754
942;57754
943;57754
944;57755
945;57754
946;57754
947;57757
948;57754
949;57750
950;57754
951;57747
952;57747
953;57743
954;57748
955;57748
956;57745
957;57745
958;57748
959;57748
960;57747
961;57744
962;57744
963;57744
964;57744
965;57743
966;57744
967;57744
968;57746
969;57741
970;57741
971;57741
972;57741
973;57745
974;57745
975;57743
976;57744
977;57744
978;57744
979;57746
980;57746
981;57746
982;57746
983;57747
984;57747
985;57747
986;57741
987;57742
988;57744
989;57742
990;57742
991;57744
992;57742
993;57744
994;57741
995;57742
996;57742
997;57744
998;57743
999;57743
1000;57743
1001;57745
1002;57742
1003;57740
1004;57740
1005;57741
1006;57741
1007;57741
1008;57741
1009;57743
1010;57742
1011;57742
1012;57741
1013;57741
1014;57741
1015;57741
1016;57740
1017;57742
1018;57741
1019;57736
1020;57736
1021;57734
1022;57734
1023;57734
1024;57733
1025;57733
1026;57735
1027;57734
1028;57734
1029;57737
1030;57736
1031;57737
1032;57736
1033;57731
1034;57733
1035;57733
1036;57732
1037;57732
1038;57731
1039;57734
1040;57731
1041;57731
1042;57731
1043;57730
1044;57730
1045;57728
1046;57728
1047;57728
1048;57727
1049;57730
1050;57730
1051;57730
1052;57730
1053;57730
1054;57732
1055;57730
1056;57730
1057;57731
1058;57730
1059;57729
1060;57729
1061;57731
1062;57731
1063;57731
1064;57731
1065;57730
1066;57730
1067;57730
1068;57735
1069;57735
1070;57734
1071;57732
1072;57734
1073;57734
1074;57732
1075;57733
1076;57734
1077;57734
1078;57733
1079;57731
1080;57731
1081;57731
1082;57734
1083;57739
1084;57733
1085;57736
1086;57730
1087;57733
1088;57736
1089;57736
1090;57736
1091;57736
1092;57737
1093;57736
1094;57736
1095;57738
1096;57735
1097;57742
1098;57737
1099;57739
1100;57735
1101;57730
1102;57730
1103;57732
1104;57731
1105;57733
1106;57734
1107;57734
1108;57728
1109;57732
1110;57732
1111;57732
1112;57732
1113;57727
1114;57726
1115;57730
1116;57730
1117;57730
1118;57730
1119;57730
1120;57728
1121;57727
1122;57720
1123;57726
1124;57724
1125;57728
1126;57725
1127;57725
1128;57726
1129;57723
1130;57730
1131;57728
1132;57728
1133;57725
1134;57726
1135;57728
1136;57726
1137;57726
1138;57729
1139;57729
1140;57727
1141;57726
1142;57729
1143;57728
1144;57728
1145;57727
1146;57727
1147;57729
1148;57727
1149;57729
1150;57729
1151;57731
1152;57731
1153;57728
1154;57728
1155;57730
1156;57726
1157;57729
1158;57729
1159;57730
1160;57727
1161;57727
1162;57727
1163;57727
1164;57729
1165;57730
1166;57730
1167;57729
1168;57729
1169;57728
1170;57728
1171;57729
1172;57729
1173;57723
1174;57724
1175;57724
1176;57724
1177;57724
1178;57724
1179;57724
1180;57724
1181;57724
1182;57722
1183;57720
1184;57724
1185;57720
1186;57720
1187;57724
1188;57724
1189;57727
1190;57720
1191;57722
1192;57721
1193;57724
1194;57722
1195;57721
1196;57721
1197;57722
1198;57721
1199;57721
1200;57721
1201;57721
1202;57724
1203;57725
1204;57725
1205;57727
1206;57727
1207;57725
1208;57725
1209;57725
1210;57727
1211;57727
1212;57726
1213;57727
1214;57727
1215;57726
1216;57726
1217;57725
1218;57728
1219;57724
1220;57727
1221;57728
1222;57728
1223;57730
1224;57723
1225;57723
1226;57723
1227;57723
1228;57725
1229;57725
1230;57723
1231;57723
1232;57723
1233;57726
1234;57724
1235;57725
1236;57725
1237;57723
1238;57723
1239;57725
1240;57725
1241;57728
1242;57727
1243;57727
1244;57727
1245;57721
1246;57722
1247;57724
1248;57724
1249;57720
1250;57724
1251;57721
1252;57723
1253;57720
1254;57723
1255;57725
1256;57725
1257;57722
1258;57723
1259;57723
1260;57722
1261;57722
1262;57725
1263;57725
1264;57725
1265;57725
1266;57728
1267;57723
1268;57723
1269;57723
1270;57722
1271;57725
1272;57725
1273;57721
1274;57724
1275;57724
1276;57724
1277;57724
1278;57724
1279;57724
1280;57724
1281;57722
1282;57722
1283;57722
1284;57722
1285;57721
1286;57721
1287;57720
1288;57721
1289;57720
1290;57720
1291;57720
1292;57720
1293;57720
1294;57720
1295;57720
1296;57720
1297;57720
1298;57720
1299;57720
1300;57723
1301;57723
1302;57723
1303;57723
1304;57721
1305;57724
1306;57721
1307;57723
1308;57723
1309;57723
1310;57723
1311;57723
1312;57724
1313;57724
1314;57725
1315;57726
1316;57724
1317;57724
1318;57722
1319;57723
1320;57723
1321;57720
1322;57720
1323;57723
1324;57721
1325;57721
1326;57724
1327;57724
1328;57728
1329;57723
1330;57723
1331;57725
1332;57725
1333;57725
1334;57725
1335;57725
1336;57725
1337;57727
1338;57727
1339;57729
1340;57729
1341;57729
1342;57728
1343;57729
1344;57729
1345;57725
1346;57726
1347;57726
1348;57728
1349;57728
1350;57729
1351;57730
1352;57730
1353;57727
1354;57730
1355;57730
1356;57730
1357;57730
1358;57730
1359;57730
1360;57730
1361;57730
1362;57730
1363;57730
1364;57728
1365;57723
1366;57723
1367;57723
1368;57725
1369;57726
1370;57724
1371;57726
1372;57724
1373;57724
1374;57726
1375;57725
1376;57726
1377;57726
1378;57726
1379;57726
1380;57724
1381;57723
1382;57723
1383;57722
1384;57724
1385;57724
1386;57724
1387;57724
1388;57723
1389;57724
1390;57725
1391;57725
1392;57722
1393;57725
1394;57725
1395;57724
1396;57724
1397;57722
1398;57724
1399;57724
1400;57722
1401;57724
1402;57725
1403;57725
1404;57725
1405;57725
1406;57721
1407;57718
1408;57720
1409;57720
1410;57722
1411;57721
1412;57722
1413;57721
1414;57721
1415;57721
1416;57719
1417;57721
1418;57719
1419;57716
1420;57716
1421;57716
1422;57716
1423;57717
1424;57719
1425;57719
1426;57719
1427;57715
1428;57718
1429;57715
1430;57713
1431;57713
1432;57715
1433;57715
1434;57714
1435;57713
1436;57713
1437;57712
1438;57712
1439;57713
1440;57717
1441;57713
1442;57714
1443;57716
1444;57716
1445;57716
1446;57714
1447;57718
1448;57716
1449;57718
1450;57715
1451;57715
1452;57712
1453;57711
1454;57711
1455;57711
1456;57711
1457;57711
1458;57712
1459;57711
1460;57711
1461;57714
1462;57714
1463;57714
1464;57714
1465;57714
1466;57711
1467;57711
1468;57711
1469;57713
1470;57712
1471;57712
1472;57712
1473;57712
1474;57712
1475;57711
1476;57711
1477;57714
1478;57714
1479;57714
1480;57714
1481;57713
1482;57714
1483;57712
1484;57710
1485;57710
1486;57710
1487;57714
1488;57710
1489;57710
1490;57710
1491;57715
1492;57712
1493;57714
1494;57710
1495;57710
1496;57710
1497;57710
1498;57710
1499;57710
1500;57709
1501;57709
1502;57713
1503;57710
1504;57710
1505;57713
1506;57712
1507;57712
1508;57712
1509;57712
1510;57712
1511;57713
1512;57712
1513;57713
1514;57715
1515;57712
1516;57712
1517;57712
1518;57712
1519;57711
1520;57713
1521;57709
1522;57708
1523;57708
1524;57713
1525;57713
1526;57712
1527;57713
1528;57713
1529;57714
1530;57706
1531;57706
1532;57704
1533;57705
1534;57703
1535;57706
1536;57701
1537;57701
1538;57707
1539;57704
1540;57703
1541;57703
1542;57706
1543;57706
1544;57705
1545;57703
1546;57703
1547;57703
1548;57702
1549;57703
1550;57702
1551;57701
1552;57705
1553;57705
1554;57705
1555;57702
1556;57702
1557;57704
1558;57704
1559;57704
1560;57704
1561;57702
1562;57703
1563;57703
1564;57701
1565;57703
1566;57703
1567;57703
1568;57703
1569;57701
1570;57701
1571;57703
1572;57703
1573;57703
1574;57703
1575;57701
1576;57705
1577;57701
1578;57702
1579;57702
1580;57703
1581;57701
1582;57701
1583;57700
1584;57700
1585;57703
1586;57703
1587;57700
1588;57703
1589;57703
1590;57703
1591;57703
1592;57703
1593;57701
1594;57701
1595;57703
1596;57701
1597;57700
1598;57701
1599;57700
1600;57703
1601;57703
1602;57703
1603;57703
1604;57701
1605;57701
1606;57703
1607;57703
1608;57700
1609;57705
1610;57705
1611;57705
1612;57705
1613;57704
1614;57702
1615;57700
1616;57703
1617;57703
1618;57703
1619;57703
1620;57702
1621;57702
1622;57702
1623;57702
1624;57704
1625;57704
1626;57706
1627;57707
1628;57696
1629;57696
1630;57696
1631;57695
1632;57695
1633;57695
1634;57694
1635;57694
1636;57696
1637;57697
1638;57697
1639;57695
1640;57695
1641;57695
1642;57692
1643;57693
1644;57696
1645;57696
1646;57696
1647;57693
1648;57693
1649;57694
1650;57694
1651;57694
1652;57694
1653;57694
1654;57694
1655;57694
1656;57694
1657;57690
1658;57691
1659;57691
1660;57693
1661;57693
1662;57693
1663;57690
1664;57690
1665;57691
1666;57687
1667;57684
1668;57682
1669;57686
1670;57685
1671;57685
1672;57688
1673;57688
1674;57689
1675;57689
1676;57696
1677;57695
1678;57695
1679;57696
1680;57696
1681;57692
1682;57692
1683;57693
1684;57693
1685;57696
1686;57694
1687;57698
1688;57695
1689;57695
1690;57695
1691;57693
1692;57696
1693;57695
1694;57693
1695;57696
1696;57696
1697;57696
1698;57693
1699;57693
1700;57693
1701;57693
1702;57693
1703;57693
1704;57694
1705;57693
1706;57693
1707;57694
1708;57691
1709;57692
1710;57688
1711;57690
1712;57690
1713;57692
1714;57692
1715;57692
1716;57690
1717;57690
1718;57688
1719;57700
1720;57698
1721;57701
1722;57702
1723;57702
1724;57702
1725;57703
1726;57705
1727;57705
1728;57706
1729;57702
1730;57701
1731;57706
1732;57702
1733;57705
1734;57705
1735;57706
1736;57706
1737;57703
1738;57704
1739;57703
1740;57703
1741;57701
1742;57704
1743;57703
1744;57704
1745;57704
1746;57701
1747;57704
1748;57700
1749;57697
1750;57702
1751;57704
1752;57702
1753;57702
1754;57702
1755;57701
1756;57699
1757;57702
1758;57701
1759;57700
1760;57700
1761;57697
1762;57696
1763;57698
1764;57694
1765;57694
1766;57697
1767;57697
1768;57699
1769;57697
1770;57695
1771;57698
1772;57698
1773;57697
1774;57699
1775;57699
1776;57695
1777;57695
1778;57695
1779;57693
1780;57691
1781;57692
1782;57691
1783;57692
1784;57692
1785;57693
1786;57696
1787;57693
1788;57696
1789;57694
1790;57694
1791;57693
1792;57693
1793;57693
1794;57694
1795;57694
1796;57695
1797;57694
1798;57698
1799;57700
1800;57700
1801;57700
1802;57701
1803;57702
1804;57702
1805;57700
1806;57702
1807;57702
1808;57702
1809;57700
1810;57700
1811;57700
1812;57700
1813;57700
1814;57698
1815;57695
1816;57697
1817;57699
1818;57699
1819;57698
1820;57699
1821;57700
1822;57695
1823;57697
1824;57697
1825;57699
1826;57698
1827;57696
1828;57696
1829;57699
1830;57699
1831;57698
1832;57698
1833;57696
1834;57691
1835;57696
1836;57699
1837;57696
1838;57696
1839;57696
1840;57698
1841;57698
1842;57696
1843;57689
1844;57690
1845;57690
1846;57693
1847;57687
1848;57689
1849;57689
1850;57689
1851;57689
1852;57687
1853;57689
1854;57688
1855;57688
1856;57688
1857;57688
1858;57690
1859;57690
1860;57690
1861;57690
1862;57690
1863;57690
1864;57690
1865;57692
1866;57690
1867;57690
1868;57695
1869;57692
1870;57694
1871;57692
1872;57691
1873;57691
1874;57689
1875;57693
1876;57687
1877;57689
1878;57689
1879;57689
1880;57693
1881;57693
1882;57691
1883;57691
1884;57691
1885;57692
1886;57691
1887;57691
1888;57693
1889;57692
1890;57696
1891;57693
1892;57693
1893;57693
1894;57687
1895;57689
1896;57690
1897;57692
1898;57691
1899;57686
1900;57682
1901;57684
1902;57684
1903;57681
1904;57679
1905;57683
1906;57681
1907;57685
1908;57683
1909;57681
1910;57682
1911;57682
1912;57679
1913;57681
1914;57679
1915;57678
1916;57680
1917;57679
1918;57680
1919;57683
1920;57681
1921;57681
1922;57682
1923;57681
1924;57681
1925;57681
1926;57680
1927;57683
1928;57685
1929;57681
1930;57680
1931;57680
1932;57680
1933;57683
1934;57681
1935;57684
1936;57682
1937;57682
1938;57680
1939;57683
1940;57683
1941;57678
1942;57677
1943;57678
1944;57679
1945;57682
1946;57678
1947;57680
1948;57679
1949;57682
1950;57676
1951;57675
1952;57674
1953;57673
1954;57677
1955;57676
1956;57675
1957;57678
1958;57673
1959;57675
1960;57675
1961;57676
1962;57680
1963;57679
1964;57678
1965;57678
1966;57678
1967;57678
1968;57678
1969;57678
1970;57678
1971;57675
1972;57680
1973;57680
1974;57677
1975;57676
1976;57677
1977;57677
1978;57680
1979;57680
1980;57680
1981;57676
1982;57676
1983;57681
1984;57680
1985;57681
1986;57680
1987;57681
1988;57683
1989;57678
1990;57677
1991;57680
1992;57677
1993;57678
1994;57676
1995;57678
1996;57678
1997;57660
1998;57660
1999;57664
2000;57667
2001;57663
2002;57659
2003;57659
2004;57662
2005;57662
2006;57657
2007;57662
2008;57663
2009;57663
2010;57663
2011;57660
2012;57663
2013;57663
2014;57658
2015;57663
2016;57660
2017;57664
2018;57664
2019;57662
2020;57662
2021;57661
2022;57661
2023;57658
2024;57658
2025;57663
2026;57660
2027;57661
2028;57662
2029;57659
2030;57659
2031;57659
2032;57660
2033;57661
2034;57661
2035;57658
2036;57659
2037;57657
2038;57659
2039;57656
2040;57656
2041;57658
2042;57656
2043;57656
2044;57656
2045;57656
2046;57656
2047;57656
2048;57655
2049;57656
2050;57656
2051;57658
2052;57661
2053;57660
2054;57660
2055;57660
2056;57661
2057;57659
2058;57659
2059;57662
2060;57660
2061;57659
2062;57661
2063;57660
2064;57660
2065;57657
2066;57660
2067;57657
2068;57659
2069;57654
2070;57655
2071;57655
2072;57656
2073;57657
2074;57655
2075;57655
2076;57654
2077;57654
2078;57655
2079;57655
2080;57656
2081;57655
2082;57655
2083;57655
2084;57655
2085;57655
2086;57653
2087;57654
2088;57655
2089;57653
2090;57655
2091;57655
2092;57658
2093;57657
2094;57659
2095;57657
2096;57657
2097;57659
2098;57657
2099;57658
2100;57657
2101;57657
2102;57658
2103;57657
2104;57657
2105;57659
2106;57657
2107;57657
2108;57658
2109;57657
2110;57658
2111;57657
2112;57658
2113;57657
2114;57656
2115;57657
2116;57658
2117;57658
2118;57657
2119;57657
2120;57657
2121;57658
2122;57656
2123;57656
2124;57657
2125;57654
2126;57657
2127;57657
2128;57656
2129;57656
2130;57655
2131;57655
2132;57656
2133;57656
2134;57655
2135;57654
2136;57654
2137;57656
2138;57662
2139;57664
2140;57663
2141;57666
2142;57666
2143;57665
2144;57661
2145;57663
2146;57663
2147;57663
2148;57664
2149;57663
2150;57663
2151;57661
2152;57661
2153;57661
2154;57663
2155;57659
2156;57657
2157;57658
2158;57658
2159;57657
2160;57657
2161;57658
2162;57658
2163;57658
2164;57658
2165;57656
2166;57658
2167;57658
2168;57657
2169;57657
2170;57658
2171;57657
2172;57657
2173;57659
2174;57657
2175;57659
2176;57660
2177;57660
2178;57661
2179;57662
2180;57661
2181;57661
2182;57661
2183;57660
2184;57661
2185;57660
2186;57660
2187;57658
2188;57658
2189;57660
2190;57659
2191;57661
2192;57659
2193;57660
2194;57659
2195;57660
2196;57659
2197;57657
2198;57657
2199;57659
2200;57658
2201;57657
2202;57657
2203;57658
2204;57657
2205;57657
2206;57653
2207;57655
2208;57655
2209;57656
2210;57660
2211;57660
2212;57658
2213;57658
2214;57658
2215;57658
2216;57658
2217;57658
2218;57658
2219;57658
2220;57658
2221;57659
2222;57659
2223;57660
2224;57660
2225;57659
2226;57659
2227;57659
2228;57659
2229;57657
2230;57659
2231;57660
2232;57660
2233;57662
2234;57661
2235;57661
2236;57661
2237;57660
2238;57661
2239;57661
2240;57665
2241;57665
2242;57665
2243;57667
2244;57665
2245;57665
2246;57661
2247;57664
2248;57666
2249;57666
2250;57665
2251;57667
2252;57667
2253;57665
2254;57665
2255;57666
2256;57668
2257;57669
2258;57669
2259;57667
2260;57667
2261;57666
2262;57668
2263;57667
2264;57668
2265;57669
2266;57669
2267;57667
2268;57669
2269;57668
2270;57675
2271;57686
2272;57685
2273;57682
2274;57680
2275;57680
2276;57683
2277;57682
2278;57682
2279;57683
2280;57683
2281;57682
2282;57683
2283;57675
2284;57675
2285;57675
2286;57674
2287;57674
2288;57674
2289;57676
2290;57676
2291;57676
2292;57675
2293;57675
2294;57674
2295;57674
2296;57674
2297;57674
2298;57670
2299;57671
2300;57671
2301;57668
2302;57666
2303;57668
2304;57672
2305;57670
2306;57670
2307;57670
2308;57670
2309;57667
2310;57668
2311;57670
2312;57670
2313;57669
2314;57670
2315;57670
2316;57669
2317;57668
2318;57666
2319;57668
2320;57669
2321;57668
2322;57668
2323;57670
2324;57669
2325;57671
2326;57671
2327;57671
2328;57670
2329;57667
2330;57669
2331;57671
2332;57671
2333;57668
2334;57669
2335;57670
2336;57669
2337;57669
2338;57669
2339;57671
2340;57669
2341;57671
2342;57671
2343;57671
2344;57671
2345;57670
2346;57670
2347;57672
2348;57672
2349;57672
2350;57671
2351;57672
2352;57670
2353;57672
2354;57672
2355;57672
2356;57672
2357;57672
2358;57673
2359;57673
2360;57673
2361;57671
2362;57670
2363;57670
2364;57674
2365;57673
2366;57673
2367;57673
2368;57673
2369;57675
2370;57674
2371;57671
2372;57672
2373;57673
2374;57673
2375;57671
2376;57671
2377;57674
2378;57674
2379;57669
2380;57668
2381;57668
2382;57669
2383;57669
2384;57669
2385;57669
2386;57670
2387;57670
2388;57670
2389;57670
2390;57670
2391;57670
2392;57672
2393;57672
2394;57674
2395;57673
2396;57673
2397;57672
2398;57671
2399;57671
2400;57671
2401;57675
2402;57670
2403;57670
2404;57670
2405;57667
2406;57669
2407;57671
2408;57671
2409;57671
2410;57671
2411;57671
2412;57671
2413;57670
2414;57669
2415;57669
2416;57671
2417;57671
2418;57671
2419;57671
2420;57673
2421;57673
2422;57673
2423;57671
2424;57672
2425;57670
2426;57668
2427;57669
2428;57671
2429;57669
2430;57671
2431;57672
2432;57672
2433;57672
2434;57672
2435;57669
2436;57671
2437;57671
2438;57671
2439;57671
2440;57671
2441;57671
2442;57672
2443;57672
2444;57672
2445;57673
2446;57671
2447;57670
2448;57672
2449;57672
2450;57669
2451;57669
2452;57672
2453;57672
2454;57672
2455;57672
2456;57671
2457;57671
2458;57672
2459;57672
2460;57672
2461;57672
2462;57672
2463;57673
2464;57672
2465;57670
2466;57670
2467;57670
2468;57670
2469;57670
2470;57670
2471;57670
2472;57670
2473;57671
2474;57671
2475;57672
2476;57670
2477;57670
2478;57673
2479;57673
2480;57671
2481;57671
2482;57671
2483;57669
2484;57670
2485;57670
2486;57667
2487;57669
2488;57669
2489;57669
2490;57669
2491;57669
2492;57669
2493;57668
2494;57670
2495;57671
2496;57671
2497;57670
2498;57669
2499;57670
2500;57670
2501;57669
2502;57667
2503;57665
2504;57669
2505;57666
2506;57666
2507;57664
2508;57662
2509;57665
2510;57664
2511;57664
2512;57662
2513;57662
2514;57663
2515;57663
2516;57668
2517;57668
2518;57668
2519;57668
2520;57668
2521;57665
2522;57665
2523;57665
2524;57665
2525;57665
2526;57663
2527;57663
2528;57663
2529;57663
2530;57658
2531;57658
2532;57658
2533;57663
2534;57662
2535;57666
2536;57664
2537;57666
2538;57666
2539;57664
2540;57664
2541;57666
2542;57656
2543;57655
2544;57662
2545;57660
2546;57670
2547;57665
2548;57661
2549;57663
2550;57665
2551;57662
2552;57663
2553;57665
2554;57666
2555;57663
2556;57663
2557;57665
2558;57657
2559;57664
2560;57666
2561;57661
2562;57662
2563;57663
2564;57662
2565;57664
2566;57664
2567;57664
2568;57665
2569;57665
2570;57664
2571;57662
2572;57664
2573;57663
2574;57669
2575;57663
2576;57666
2577;57666
2578;57666
2579;57666
2580;57667
2581;57667
2582;57667
2583;57667
2584;57667
2585;57668
2586;57665
2587;57661
2588;57662
2589;57663
2590;57662
2591;57662
2592;57659
2593;57662
2594;57662
2595;57662
2596;57660
2597;57660
2598;57659
2599;57659
2600;57658
2601;57658
2602;57659
2603;57663
2604;57666
2605;57661
2606;57664
2607;57665
2608;57663
2609;57663
2610;57664
2611;57663
2612;57666
2613;57666
2614;57666
2615;57666
2616;57666
2617;57665
2618;57660
2619;57664
2620;57664
2621;57665
2622;57665
2623;57661
2624;57660
2625;57661
2626;57663
2627;57657
2628;57657
2629;57662
2630;57663
2631;57663
2632;57662
2633;57663
2634;57661
2635;57661
2636;57661
2637;57661
2638;57661
2639;57660
2640;57658
2641;57659
2642;57658
2643;57659
2644;57660
2645;57658
2646;57658
2647;57659
2648;57659
2649;57660
2650;57656
2651;57656
2652;57655
2653;57653
2654;57655
2655;57653
2656;57653
2657;57656
2658;57652
2659;57652
2660;57653
2661;57656
2662;57656
2663;57651
2664;57652
2665;57651
2666;57651
2667;57651
2668;57651
2669;57652
2670;57653
2671;57650
2672;57651
2673;57650
2674;57650
2675;57656
2676;57651
2677;57657
2678;57654
2679;57654
2680;57653
2681;57653
2682;57653
2683;57654
2684;57656
2685;57655
2686;57656
2687;57660
2688;57655
2689;57651
2690;57655
2691;57657
2692;57655
2693;57658
2694;57653
2695;57658
2696;57658
2697;57657
2698;57656
2699;57658
2700;57655
2701;57654
2702;57655
2703;57655
2704;57654
2705;57656
2706;57657
2707;57657
2708;57656
2709;57656
2710;57658
2711;57656
2712;57656
2713;57657
2714;57659
2715;57658
2716;57652
2717;57651
2718;57651
2719;57651
2720;57650
2721;57650
2722;57650
2723;57650
2724;57650
2725;57650
2726;57651
2727;57650
2728;57650
2729;57650
2730;57650
2731;57653
2732;57652
2733;57653
2734;57653
2735;57650
2736;57650
2737;57651
2738;57651
2739;57652
2740;57650
2741;57650
2742;57650
2743;57645
2744;57643
2745;57641
2746;57644
2747;57643
2748;57648
2749;57646
2750;57643
2751;57644
2752;57644
2753;57642
2754;57642
2755;57640
2756;57641
2757;57644
2758;57642
2759;57642
2760;57639
2761;57638
2762;57636
2763;57641
2764;57643
2765;57642
2766;57642
2767;57641
2768;57641
2769;57637
2770;57640
2771;57640
2772;57640
2773;57640
2774;57642
2775;57640
2776;57640
2777;57640
2778;57640
2779;57640
2780;57642
2781;57639
2782;57641
2783;57640
2784;57640
2785;57640
2786;57642
2787;57642
2788;57642
2789;57639
2790;57642
2791;57640
2792;57642
2793;57642
2794;57640
2795;57639
2796;57639
2797;57638
2798;57638
2799;57638
2800;57637
2801;57638
2802;57637
2803;57637
2804;57639
2805;57639
2806;57638
2807;57638
2808;57638
2809;57638
2810;57641
2811;57641
2812;57647
2813;57650
2814;57650
2815;57650
2816;57648
2817;57648
2818;57652
2819;57650
2820;57646
2821;57648
2822;57649
2823;57650
2824;57650
2825;57650
2826;57651
2827;57651
2828;57650
2829;57649
2830;57647
2831;57650
2832;57647
2833;57649
2834;57650
2835;57651
2836;57647
2837;57647
2838;57649
2839;57646
2840;57646
2841;57647
2842;57648
2843;57647
2844;57646
2845;57648
2846;57647
2847;57647
2848;57645
2849;57646
2850;57646
2851;57645
2852;57649
2853;57647
2854;57646
2855;57646
2856;57647
2857;57647
2858;57647
2859;57647
2860;57646
2861;57646
2862;57643
2863;57646
2864;57646
2865;57646
2866;57644
2867;57644
2868;57644
2869;57647
2870;57646
2871;57644
2872;57644
2873;57644
2874;57644
2875;57644
2876;57644
2877;57642
2878;57642
2879;57642
2880;57644
2881;57642
2882;57642
2883;57643
2884;57643
2885;57643
2886;57642
2887;57642
2888;57642
2889;57639
2890;57638
2891;57638
2892;57638
2893;57637
2894;57636
2895;57637
2896;57637
2897;57640
2898;57640
2899;57641
2900;57642
2901;57642
2902;57641
2903;57642
2904;57640
2905;57640
2906;57640
2907;57640
2908;57642
2909;57640
2910;57640
2911;57641
2912;57639
2913;57640
2914;57642
2915;57642
2916;57642
2917;57642
2918;57643
2919;57641
2920;57640
2921;57640
2922;57640
2923;57640
2924;57643
2925;57640
2926;57640
2927;57640
2928;57644
2929;57644
2930;57644
2931;57644
2932;57640
2933;57642
2934;57642
2935;57642
2936;57642
2937;57644
2938;57644
2939;57642
2940;57643
2941;57643
2942;57640
2943;57640
2944;57638
2945;57642
2946;57641
2947;57641
2948;57639
2949;57635
2950;57637
2951;57635
2952;57635
2953;57636
2954;57635
2955;57638
2956;57635
2957;57637
2958;57638
2959;57642
2960;57641
2961;57641
2962;57641
2963;57639
2964;57639
2965;57639
2966;57638
2967;57639
2968;57639
2969;57637
2970;57637
2971;57637
2972;57637
2973;57638
2974;57635
2975;57636
2976;57636
2977;57635
2978;57635
2979;57637
2980;57637
2981;57639
2982;57637
2983;57637
2984;57637
2985;57637
2986;57640
2987;57639
2988;57639
2989;57640
2990;57639
2991;57641
2992;57645
2993;57640
2994;57640
2995;57644
2996;57645
2997;57640
2998;57639
2999;57642
3000;57642
3001;57642
3002;57642
3003;57643
3004;57635
3005;57635
3006;57635
3007;57634
3008;57634
3009;57633
3010;57633
3011;57635
3012;57635
3013;57635
3014;57634
3015;57634
3016;57636
3017;57634
3018;57636
3019;57633
3020;57636
3021;57632
3022;57636
3023;57638
3024;57638
3025;57639
3026;57639
3027;57640
3028;57635
3029;57635
3030;57638
3031;57640
3032;57641
3033;57642
3034;57642
3035;57641
3036;57641
3037;57641
3038;57641
3039;57640
3040;57640
3041;57643
3042;57643
3043;57644
3044;57643
3045;57644
3046;57644
3047;57644
3048;57643
3049;57643
3050;57643
3051;57644
3052;57644
3053;57641
3054;57641
3055;57645
3056;57644
3057;57645
3058;57645
3059;57644
3060;57644
3061;57645
3062;57645
3063;57645
3064;57644
3065;57645
3066;57646
3067;57646
3068;57644
3069;57646
3070;57643
3071;57644
3072;57644
3073;57646
3074;57644
3075;57646
3076;57643
3077;57646
3078;57643
3079;57643
3080;57645
3081;57645
3082;57643
3083;57643
3084;57646
3085;57646
3086;57645
3087;57646
3088;57647
3089;57647
3090;57647
3091;57648
3092;57648
3093;57648
3094;57648
3095;57649
3096;57649
3097;57650
3098;57650
3099;57650
3100;57649
3101;57650
3102;57650
3103;57650
3104;57650
3105;57643
3106;57647
3107;57648
3108;57648
3109;57648
3110;57649
3111;57649
3112;57650
3113;57650
3114;57649
3115;57648
3116;57650
3117;57650
3118;57648
3119;57649
3120;57647
3121;57648
3122;57646
3123;57650
3124;57650
3125;57651
3126;57651
3127;57653
3128;57652
3129;57652
3130;57653
3131;57654
3132;57654
3133;57654
3134;57653
3135;57653
3136;57655
3137;57655
3138;57655
3139;57655
3140;57656
3141;57656
3142;57656
3143;57657
3144;57658
3145;57659
3146;57657
3147;57658
3148;57659
3149;57659
3150;57659
3151;57658
3152;57658
3153;57658
3154;57657
3155;57657
3156;57659
3157;57655
3158;57657
3159;57657
3160;57657
3161;57657
3162;57654
3163;57658
3164;57658
3165;57661
3166;57661
3167;57663
3168;57659
3169;57662
3170;57662
3171;57663
3172;57664
3173;57663
3174;57663
3175;57663
3176;57664
3177;57664
3178;57664
3179;57661
3180;57664
3181;57664
3182;57661
3183;57662
3184;57662
3185;57662
3186;57663
3187;57663
3188;57664
3189;57664
3190;57664
3191;57665
3192;57665
3193;57665
3194;57666
3195;57666
3196;57666
3197;57666
3198;57669
3199;57672
3200;57671
3201;57672
3202;57672
3203;57667
3204;57667
3205;57668
3206;57668
3207;57667
3208;57669
3209;57669
3210;57669
3211;57668
3212;57668
3213;57668
3214;57667
3215;57667
3216;57667
3217;57670
3218;57669
3219;57668
3220;57668
3221;57670
3222;57670
3223;57670
3224;57669
3225;57670
3226;57671
3227;57673
3228;57673
3229;57673
3230;57675
3231;57674
3232;57673
3233;57674
3234;57673
3235;57675
3236;57673
3237;57672
3238;57672
3239;57672
3240;57670
3241;57671
3242;57671
3243;57672
3244;57672
3245;57670
3246;57670
3247;57672
3248;57671
3249;57671
3250;57672
3251;57673
3252;57673
3253;57671
3254;57675
3255;57675
3256;57673
3257;57674
3258;57674
3259;57674
3260;57675
3261;57675
3262;57672
3263;57672
3264;57674
3265;57674
3266;57674
3267;57675
3268;57675
3269;57673
3270;57672
3271;57673
3272;57673
3273;57673
3274;57675
3275;57676
3276;57674
3277;57675
3278;57675
3279;57675
3280;57672
3281;57672
3282;57673
3283;57672
3284;57672
3285;57672
3286;57672
3287;57674
3288;57674
3289;57675
3290;57674
3291;57674
3292;57676
3293;57674
3294;57677
3295;57677
3296;57677
3297;57678
3298;57678
3299;57679
3300;57679
3301;57679
3302;57678
3303;57678
3304;57677
3305;57678
3306;57678
3307;57678
3308;57680
3309;57682
3310;57679
3311;57679
3312;57679
3313;57679
3314;57682
3315;57681
3316;57682
3317;57682
3318;57682
3319;57680
3320;57682
3321;57682
3322;57685
3323;57681
3324;57682
3325;57682
3326;57682
3327;57682
3328;57682
3329;57682
3330;57682
3331;57682
3332;57682
3333;57682
3334;57682
3335;57687
3336;57687
3337;57687
3338;57681
3339;57682
3340;57682
3341;57681
3342;57681
3343;57683
3344;57683
3345;57683
3346;57682
3347;57681
3348;57682
3349;57681
3350;57681
3351;57681
3352;57681
3353;57680
3354;57679
3355;57679
3356;57680
3357;57679
3358;57681
3359;57679
3360;57679
3361;57681
3362;57680
3363;57680
3364;57680
3365;57678
3366;57678
3367;57676
3368;57678
3369;57679
3370;57679
3371;57679
3372;57675
3373;57676
3374;57675
3375;57677
3376;57677
3377;57677
3378;57675
3379;57677
3380;57677
3381;57677
3382;57677
3383;57677
3384;57678
3385;57677
3386;57678
3387;57676
3388;57676
3389;57676
3390;57675
3391;57677
3392;57676
3393;57675
3394;57675
3395;57675
3396;57675
3397;57675
3398;57675
3399;57674
3400;57674
3401;57675
3402;57674
3403;57676
3404;57674
3405;57674
3406;57675
3407;57675
3408;57675
3409;57677
3410;57677
3411;57676
3412;57676
3413;57678
3414;57678
3415;57676
3416;57676
3417;57678
3418;57678
3419;57677
3420;57678
3421;57677
3422;57676
3423;57676
3424;57676
3425;57676
3426;57677
3427;57677
3428;57675
3429;57675
3430;57674
3431;57673
3432;57673
3433;57676
3434;57674
3435;57676
3436;57676
3437;57676
3438;57674
3439;57673
3440;57674
3441;57673
3442;57674
3443;57672
3444;57672
3445;57671
3446;57669
3447;57671
3448;57669
3449;57669
3450;57669
3451;57668
3452;57669
3453;57669
3454;57666
3455;57666
3456;57666
3457;57668
3458;57666
3459;57668
3460;57668
3461;57666
3462;57669
3463;57667
3464;57666
3465;57667
3466;57666
3467;57666
3468;57664
3469;57661
3470;57662
3471;57664
3472;57665
3473;57662
3474;57662
3475;57662
3476;57664
3477;57662
3478;57663
3479;57663
3480;57663
3481;57662
3482;57663
3483;57663
3484;57663
3485;57663
3486;57663
3487;57664
3488;57662
3489;57667
3490;57667
3491;57662
3492;57665
3493;57665
3494;57666
3495;57664
3496;57666
3497;57666
3498;57666
3499;57664
3500;57663
3501;57663
3502;57663
3503;57662
3504;57662
3505;57662
3506;57663
3507;57660
3508;57661
3509;57663
3510;57665
3511;57665
3512;57665
3513;57665
3514;57664
3515;57664
3516;57663
3517;57663
3518;57663
3519;57662
3520;57662
3521;57661
3522;57661
3523;57664
3524;57662
3525;57663
3526;57662
3527;57662
3528;57662
3529;57662
3530;57662
3531;57664
3532;57663
3533;57664
3534;57664
3535;57665
3536;57666
3537;57664
3538;57666
3539;57666
3540;57666
3541;57666
3542;57665
3543;57665
3544;57665
3545;57667
3546;57670
3547;57671
3548;57671
3549;57671
3550;57673
3551;57673
3552;57673
3553;57672
3554;57671
3555;57674
3556;57674
3557;57674
3558;57674
3559;57674
3560;57672
3561;57674
3562;57674
3563;57673
3564;57673
3565;57672
3566;57674
3567;57674
3568;57674
3569;57674
3570;57674
3571;57674
3572;57674
3573;57673
3574;57671
3575;57675
3576;57672
3577;57675
3578;57674
3579;57674
3580;57678
3581;57681
3582;57680
3583;57680
3584;57682
3585;57682
3586;57682
3587;57681
3588;57673
3589;57661
3590;57658
3591;57657
3592;57656
3593;57659
3594;57659
3595;57659
3596;57659
3597;57659
3598;57659
3599;57659
3600;57657
3601;57660
3602;57658
3603;57659
3604;57657
3605;57657
3606;57656
3607;57657
3608;57658
3609;57657
3610;57657
3611;57658
3612;57656
3613;57657
3614;57661
3615;57665
3616;57663
3617;57663
3618;57663
3619;57661
3620;57663
3621;57662
3622;57661
3623;57661
3624;57663
3625;57663
3626;57661
3627;57661
3628;57663
3629;57664
3630;57664
3631;57664
3632;57664
3633;57663
3634;57665
3635;57665
3636;57666
3637;57666
3638;57667
3639;57665
3640;57669
3641;57670
3642;57672
3643;57673
3644;57669
3645;57669
3646;57669
3647;57669
3648;57668
3649;57667
3650;57670
3651;57670
3652;57669
3653;57670
3654;57671
3655;57671
3656;57671
3657;57670
3658;57670
3659;57670
3660;57671
3661;57671
3662;57671
3663;57670
3664;57670
3665;57670
3666;57671
3667;57671
3668;57673
3669;57674
3670;57674
3671;57674
3672;57674
3673;57674
3674;57674
3675;57673
3676;57672
3677;57672
3678;57676
3679;57676
3680;57676
3681;57673
3682;57673
3683;57675
3684;57675
3685;57675
3686;57675
3687;57675
3688;57674
3689;57674
3690;57674
3691;57671
3692;57671
3693;57671
3694;57671
3695;57672
3696;57673
3697;57673
3698;57673
3699;57673
3700;57673
3701;57675
3702;57674
3703;57677
3704;57675
3705;57675
3706;57675
3707;57675
3708;57674
3709;57674
3710;57672
3711;57675
3712;57674
3713;57674
3714;57672
3715;57672
3716;57675
3717;57675
3718;57673
3719;57673
3720;57673
3721;57674
3722;57674
3723;57675
3724;57675
3725;57677
3726;57677
3727;57677
3728;57678
3729;57678
3730;57676
3731;57676
3732;57677
3733;57678
3734;57679
3735;57679
3736;57680
3737;57680
3738;57680
3739;57681
3740;57682
3741;57683
3742;57684
3743;57684
3744;57685
3745;57685
3746;57685
3747;57684
3748;57685
3749;57685
3750;57683
3751;57683
3752;57685
3753;57685
3754;57685
3755;57685
3756;57685
3757;57685
3758;57685
3759;57685
3760;57685
3761;57685
3762;57684
3763;57684
3764;57684
3765;57684
3766;57684
3767;57685
3768;57685
3769;57684
3770;57685
3771;57685
3772;57685
3773;57685
3774;57685
3775;57682
3776;57681
3777;57681
3778;57680
3779;57678
3780;57679
3781;57679
3782;57679
3783;57680
3784;57680
3785;57681
3786;57681
3787;57680
3788;57680
3789;57679
3790;57680
3791;57680
3792;57680
3793;57679
3794;57679
3795;57678
3796;57678
3797;57679
3798;57679
3799;57676
3800;57676
3801;57676
3802;57676
3803;57677
3804;57680
3805;57680
3806;57680
3807;57680
3808;57679
3809;57679
3810;57681
3811;57681
3812;57679
3813;57680
3814;57679
3815;57663
3816;57664
3817;57660
3818;57662
3819;57663
3820;57664
3821;57664
3822;57663
3823;57663
3824;57664
3825;57664
3826;57663
3827;57664
3828;57664
3829;57664
3830;57664
3831;57664
3832;57664
3833;57665
3834;57665
3835;57665
3836;57664
3837;57664
3838;57662
3839;57663
3840;57663
3841;57664
3842;57663
3843;57662
3844;57662
3845;57664
3846;57664
3847;57665
3848;57665
3849;57666
3850;57666
3851;57665
3852;57666
3853;57666
3854;57666
3855;57666
3856;57665
3857;57666
3858;57667
3859;57667
3860;57665
3861;57665
3862;57665
3863;57665
3864;57665
3865;57666
3866;57666
3867;57665
3868;57664
3869;57665
3870;57664
3871;57664
3872;57664
3873;57664
3874;57664
3875;57664
3876;57664
3877;57665
3878;57665
3879;57665
3880;57665
3881;57665
3882;57665
3883;57665
3884;57664
3885;57666
3886;57665
3887;57666
3888;57667
3889;57667
3890;57664
3891;57665
3892;57666
3893;57666
3894;57664
3895;57664
3896;57665
3897;57665
3898;57664
3899;57664
3900;57665
3901;57665
3902;57663
3903;57663
3904;57663
3905;57665
3906;57665
3907;57665
3908;57665
3909;57665
3910;57665
3911;57665
3912;57664
3913;57664
3914;57665
3915;57665
3916;57665
3917;57666
3918;57666
3919;57666
3920;57665
3921;57665
3922;57665
3923;57665
3924;57665
3925;57664
3926;57664
3927;57663
3928;57665
3929;57665
3930;57665
3931;57665
3932;57666
3933;57666
3934;57666
3935;57666
3936;57668
3937;57668
3938;57668
3939;57668
3940;57668
3941;57668
3942;57668
3943;57668
3944;57668
3945;57671
3946;57671
3947;57672
3948;57672
3949;57671
3950;57671
3951;57671
3952;57671
3953;57675
3954;57674
3955;57674
3956;57675
3957;57673
3958;57675
3959;57675
3960;57673
3961;57673
3962;57673
3963;57673
3964;57675
3965;57675
3966;57675
3967;57675
3968;57675
3969;57669
3970;57670
3971;57669
3972;57669
3973;57669
3974;57670
3975;57670
3976;57669
3977;57668
3978;57671
3979;57668
3980;57668
3981;57671
3982;57668
3983;57668
3984;57667
3985;57666
3986;57666
3987;57666
3988;57666
3989;57666
3990;57666
3991;57666
3992;57666
3993;57664
3994;57664
3995;57666
3996;57666
3997;57664
3998;57666
3999;57666
4000;57664
4001;57664
4002;57664
4003;57664
4004;57664
4005;57664
4006;57664
4007;57663
4008;57663
4009;57663
4010;57663
4011;57663
4012;57663
4013;57663
4014;57664
4015;57664
4016;57666
4017;57666
4018;57666
4019;57666
4020;57662
4021;57664
4022;57664
4023;57662
4024;57660
4025;57660
4026;57660
4027;57660
4028;57660
4029;57658
4030;57659
4031;57658
4032;57658
4033;57660
4034;57660
4035;57660
4036;57661
4037;57661
4038;57658
4039;57660
4040;57660
4041;57659
4042;57660
4043;57661
4044;57658
4045;57663
4046;57662
4047;57662
4048;57661
4049;57661
4050;57665
4051;57665
4052;57664
4053;57664
4054;57664
4055;57664
4056;57665
4057;57663
4058;57663
4059;57664
4060;57664
4061;57666
4062;57664
4063;57666
4064;57666
4065;57664
4066;57664
4067;57664
4068;57665
4069;57665
4070;57665
4071;57665
4072;57665
4073;57664
4074;57664
4075;57665
4076;57665
4077;57665
4078;57664
4079;57664
4080;57665
4081;57664
4082;57664
4083;57663
4084;57663
4085;57661
4086;57659
4087;57658
4088;57659
4089;57657
4090;57660
4091;57660
4092;57658
4093;57660
4094;57660
4095;57660
4096;57660
4097;57660
4098;57662
4099;57663
4100;57664
4101;57664
4102;57663
4103;57662
4104;57662
4105;57663
4106;57663
4107;57661
4108;57661
4109;57660
4110;57663
4111;57663
4112;57663
4113;57663
4114;57663
4115;57663
4116;57663
4117;57663
4118;57663
4119;57661
4120;57662
4121;57662
4122;57662
4123;57662
4124;57663
4125;57662
4126;57662
4127;57662
4128;57662
4129;57662
4130;57661
4131;57662
4132;57663
4133;57663
4134;57664
4135;57664
4136;57663
4137;57665
4138;57665
4139;57664
4140;57664
4141;57664
4142;57662
4143;57662
4144;57662
4145;57664
4146;57664
4147;57661
4148;57661
4149;57661
4150;57661
4151;57664
4152;57665
4153;57667
4154;57668
4155;57666
4156;57666
4157;57668
4158;57667
4159;57669
4160;57667
4161;57669
4162;57671
4163;57671
4164;57671
4165;57669
4166;57671
4167;57670
4168;57670
4169;57668
4170;57668
4171;57668
4172;57667
4173;57665
4174;57665
4175;57668
4176;57668
4177;57668
4178;57668
4179;57667
4180;57667
4181;57667
4182;57668
4183;57667
4184;57669
4185;57669
4186;57668
4187;57668
4188;57668
4189;57667
4190;57667
4191;57667
4192;57669
4193;57668
4194;57668
4195;57668
4196;57668
4197;57668
4198;57668
4199;57667
4200;57667
4201;57667
4202;57667
4203;57666
4204;57666
4205;57666
4206;57668
4207;57668
4208;57668
4209;57668
4210;57667
4211;57667
4212;57667
4213;57666
4214;57666
4215;57666
4216;57667
4217;57667
4218;57667
4219;57666
4220;57665
4221;57668
4222;57666
4223;57666
4224;57666
4225;57667
4226;57674
4227;57687
4228;57688
4229;57687
4230;57680
4231;57682
4232;57685
4233;57687
4234;57682
4235;57682
4236;57683
4237;57681
4238;57681
4239;57682
4240;57682
4241;57682
4242;57680
4243;57680
4244;57682
4245;57684
4246;57681
4247;57681
4248;57679
4249;57679
4250;57680
4251;57681
4252;57681
4253;57682
4254;57682
4255;57682
4256;57680
4257;57680
4258;57682
4259;57682
4260;57682
4261;57681
4262;57680
4263;57680
4264;57683
4265;57680
4266;57682
4267;57682
4268;57683
4269;57682
4270;57682
4271;57683
4272;57683
4273;57682
4274;57682
4275;57683
4276;57684
4277;57684
4278;57682
4279;57682
4280;57682
4281;57683
4282;57683
4283;57682
4284;57684
4285;57684
4286;57684
4287;57684
4288;57684
4289;57684
4290;57681
4291;57683
4292;57683
4293;57683
4294;57683
4295;57685
4296;57685
4297;57681
4298;57681
4299;57682
4300;57682
4301;57684
4302;57684
4303;57685
4304;57685
4305;57686
4306;57686
4307;57683
4308;57683
4309;57683
4310;57683
4311;57683
4312;57683
4313;57685
4314;57685
4315;57685
4316;57686
4317;57684
4318;57685
4319;57684
4320;57683
4321;57683
4322;57683
4323;57683
4324;57684
4325;57686
4326;57685
4327;57686
4328;57686
4329;57685
4330;57686
4331;57686
4332;57685
4333;57685
4334;57686
4335;57685
4336;57685
4337;57686
4338;57685
4339;57686
4340;57686
4341;57686
4342;57685
4343;57686
4344;57685
4345;57686
4346;57686
4347;57685
4348;57686
4349;57686
4350;57686
4351;57686
4352;57685
4353;57686
4354;57683
4355;57683
4356;57684
4357;57684
4358;57683
4359;57685
4360;57685
4361;57685
4362;57684
4363;57685
4364;57685
4365;57684
4366;57686
4367;57686
4368;57686
4369;57686
4370;57686
4371;57686
4372;57685
4373;57685
4374;57683
4375;57683
4376;57682
4377;57682
4378;57682
4379;57680
4380;57679
4381;57677
4382;57679
4383;57679
4384;57680
4385;57680
4386;57680
4387;57680
4388;57680
4389;57679
4390;57678
4391;57678
4392;57679
4393;57678
4394;57681
4395;57681
4396;57681
4397;57682
4398;57682
4399;57682
4400;57679
4401;57679
4402;57679
4403;57679
4404;57679
4405;57681
4406;57684
4407;57684
4408;57685
4409;57681
4410;57681
4411;57681
4412;57684
4413;57684
4414;57684
4415;57685
4416;57683
4417;57685
4418;57683
4419;57683
4420;57682
4421;57683
4422;57684
4423;57685
4424;57683
4425;57683
4426;57687
4427;57685
4428;57685
4429;57687
4430;57685
4431;57685
4432;57685
4433;57684
4434;57686
4435;57684
4436;57686
4437;57686
4438;57686
4439;57686
4440;57685
4441;57685
4442;57688
4443;57684
4444;57685
4445;57685
4446;57684
4447;57684
4448;57682
4449;57682
4450;57684
4451;57685
4452;57685
4453;57685
4454;57685
4455;57686
4456;57687
4457;57686
4458;57685
4459;57685
4460;57685
4461;57685
4462;57685
4463;57685
4464;57685
4465;57685
4466;57685
4467;57685
4468;57683
4469;57685
4470;57685
4471;57685
4472;57685
4473;57687
4474;57687
4475;57685
4476;57685
4477;57685
4478;57686
4479;57686
4480;57687
4481;57687
4482;57687
4483;57687
4484;57687
4485;57687
4486;57687
4487;57687
4488;57685
4489;57688
4490;57688
4491;57688
4492;57687
4493;57686
4494;57687
4495;57687
4496;57688
4497;57688
4498;57687
4499;57687
4500;57687
4501;57688
4502;57688
4503;57688
4504;57689
4505;57689
4506;57689
4507;57689
4508;57689
4509;57690
4510;57691
4511;57691
4512;57691
4513;57690
4514;57688
4515;57688
4516;57689
4517;57689
4518;57690
4519;57691
4520;57691
4521;57690
4522;57691
4523;57690
4524;57688
4525;57688
4526;57688
4527;57690
4528;57690
4529;57690
4530;57689
4531;57687
4532;57684
4533;57684
4534;57685
4535;57683
4536;57683
4537;57683
4538;57682
4539;57683
4540;57683
4541;57683
4542;57683
4543;57683
4544;57684
4545;57681
4546;57684
4547;57685
4548;57685
4549;57685
4550;57685
4551;57683
4552;57684
4553;57687
4554;57687
4555;57688
4556;57688
4557;57688
4558;57690
4559;57691
4560;57687
4561;57687
4562;57687
4563;57687
4564;57690
4565;57690
4566;57690
4567;57688
4568;57688
4569;57689
4570;57689
4571;57689
4572;57686
4573;57686
4574;57686
4575;57686
4576;57686
4577;57688
4578;57689
4579;57689
4580;57688
4581;57692
4582;57693
4583;57691
4584;57691
4585;57693
4586;57691
4587;57693
4588;57696
4589;57693
4590;57693
4591;57694
4592;57693
4593;57693
4594;57693
4595;57692
4596;57694
4597;57695
4598;57695
4599;57696
4600;57696
4601;57697
4602;57700
4603;57700
4604;57700
4605;57700
4606;57700
4607;57700
4608;57700
4609;57700
4610;57700
4611;57700
4612;57700
4613;57699
4614;57700
4615;57699
4616;57700
4617;57700
4618;57699
4619;57701
4620;57701
4621;57701
4622;57701
4623;57702
4624;57702
4625;57702
4626;57702
4627;57702
4628;57702
4629;57702
4630;57701
4631;57702
4632;57703
4633;57703
4634;57701
4635;57701
4636;57701
4637;57700
4638;57699
4639;57700
4640;57700
4641;57700
4642;57697
4643;57697
4644;57698
4645;57699
4646;57694
4647;57698
4648;57701
4649;57702
4650;57702
4651;57700
4652;57701
4653;57700
4654;57700
4655;57700
4656;57700
4657;57699
4658;57700
4659;57700
4660;57701
4661;57701
4662;57700
4663;57701
4664;57702
4665;57703
4666;57703
4667;57701
4668;57701
4669;57699
4670;57701
4671;57701
4672;57701
4673;57702
4674;57701
4675;57701
4676;57701
4677;57701
4678;57702
4679;57702
4680;57702
4681;57702
4682;57702
4683;57703
4684;57703
4685;57703
4686;57703
4687;57702
4688;57702
4689;57702
4690;57701
4691;57698
4692;57699
4693;57699
4694;57698
4695;57699
4696;57699
4697;57699
4698;57700
4699;57699
4700;57699
4701;57697
4702;57701
4703;57701
4704;57698
4705;57696
4706;57696
4707;57699
4708;57699
4709;57700
4710;57699
4711;57700
4712;57700
4713;57700
4714;57700
4715;57700
4716;57700
4717;57701
4718;57701
4719;57699
4720;57700
4721;57700
4722;57699
4723;57699
4724;57700
4725;57698
4726;57700
4727;57700
4728;57696
4729;57694
4730;57694
4731;57694
4732;57694
4733;57694
4734;57694
4735;57694
4736;57694
4737;57695
4738;57695
4739;57695
4740;57695
4741;57693
4742;57692
4743;57692
4744;57692
4745;57694
4746;57693
4747;57689
4748;57691
4749;57691
4750;57692
4751;57693
4752;57694
4753;57695
4754;57695
4755;57693
4756;57694
4757;57694
4758;57692
4759;57692
4760;57692
4761;57692
4762;57693
4763;57693
4764;57692
4765;57691
4766;57690
4767;57690
4768;57690
4769;57690
4770;57689
4771;57686
4772;57689
4773;57689
4774;57689
4775;57689
4776;57689
4777;57689
4778;57689
4779;57688
4780;57688
4781;57689
4782;57690
4783;57690
4784;57690
4785;57690
4786;57691
4787;57690
4788;57689
4789;57689
4790;57690
4791;57691
4792;57693
4793;57694
4794;57694
4795;57692
4796;57695
4797;57695
4798;57694
4799;57694
4800;57694
4801;57697
4802;57697
4803;57696
4804;57696
4805;57696
4806;57696
4807;57698
4808;57698
4809;57699
4810;57697
4811;57699
4812;57697
4813;57697
4814;57699
4815;57699
4816;57698
4817;57697
4818;57698
4819;57698
4820;57698
4821;57698
4822;57698
4823;57697
4824;57698
4825;57699
4826;57700
4827;57700
4828;57700
4829;57697
4830;57698
4831;57698
4832;57699
4833;57696
4834;57697
4835;57697
4836;57699
4837;57698
4838;57698
4839;57698
4840;57699
4841;57699
4842;57699
4843;57698
4844;57698
4845;57698
4846;57698
4847;57696
4848;57698
4849;57698
4850;57699
4851;57697
4852;57699
4853;57699
4854;57698
4855;57700
4856;57700
4857;57699
4858;57699
4859;57699
4860;57700
4861;57700
4862;57700
4863;57700
4864;57700
4865;57700
4866;57700
4867;57701
4868;57703
4869;57701
4870;57701
4871;57701
4872;57702
4873;57702
4874;57704
4875;57704
4876;57704
4877;57704
4878;57705
4879;57704
4880;57704
4881;57705
4882;57705
4883;57705
4884;57705
4885;57705
4886;57705
4887;57705
4888;57704
4889;57700
4890;57700
4891;57700
4892;57702
4893;57700
4894;57700
4895;57701
4896;57701
4897;57701
4898;57701
4899;57701
4900;57693
4901;57696
4902;57695
4903;57695
4904;57697
4905;57697
4906;57698
4907;57699
4908;57699
4909;57699
4910;57700
4911;57700
4912;57700
4913;57700
4914;57700
4915;57698
4916;57699
4917;57701
4918;57701
4919;57702
4920;57702
4921;57702
4922;57702
4923;57702
4924;57702
4925;57702
4926;57702
4927;57700
4928;57696
4929;57696
4930;57696
4931;57700
4932;57699
4933;57699
4934;57700
4935;57700
4936;57701
4937;57701
4938;57701
4939;57699
4940;57699
4941;57699
4942;57699
4943;57701
4944;57702
4945;57701
4946;57705
4947;57700
4948;57702
4949;57703
4950;57700
4951;57700
4952;57702
4953;57701
4954;57701
4955;57702
4956;57702
4957;57703
4958;57703
4959;57703
4960;57703
4961;57703
4962;57703
4963;57703
4964;57700
4965;57702
4966;57702
4967;57702
4968;57702
4969;57702
4970;57702
4971;57701
4972;57700
4973;57700
4974;57702
4975;57703
4976;57703
4977;57701
4978;57701
4979;57701
4980;57702
4981;57702
4982;57703
4983;57702
4984;57703
4985;57704
4986;57704
4987;57703
4988;57703
4989;57701
4990;57703
4991;57704
4992;57703
4993;57703
4994;57704
4995;57704
4996;57702
4997;57702
4998;57702
4999;57703
5000;57703
5001;57704
5002;57704
5003;57702
5004;57703
5005;57704
5006;57702
5007;57702
5008;57704
5009;57704
5010;57704
5011;57703
5012;57703
5013;57703
5014;57700
5015;57701
5016;57701
5017;57701
5018;57701
5019;57701
5020;57701
5021;57702
5022;57700
5023;57700
5024;57701
5025;57700
5026;57702
5027;57701
5028;57701
5029;57703
5030;57703
5031;57704
5032;57704
5033;57703
5034;57703
5035;57703
5036;57704
5037;57704
5038;57704
5039;57704
5040;57703
5041;57704
5042;57704
5043;57704
5044;57704
5045;57705
5046;57699
5047;57693
5048;57697
5049;57697
5050;57700
5051;57700
5052;57700
5053;57700
5054;57700
5055;57700
5056;57696
5057;57696
5058;57697
5059;57697
5060;57697
5061;57695
5062;57695
5063;57693
5064;57693
5065;57692
5066;57693
5067;57692
5068;57692
5069;57692
5070;57695
5071;57693
5072;57694
5073;57694
5074;57694
5075;57688
5076;57693
5077;57692
5078;57692
5079;57694
5080;57694
5081;57694
5082;57694
5083;57693
5084;57694
5085;57693
5086;57694
5087;57695
5088;57696
5089;57707
5090;57712
5091;57717
5092;57717
5093;57716
5094;57718
5095;57720
5096;57720
5097;57720
5098;57720
5099;57719
5100;57719
5101;57718
5102;57718
5103;57717
5104;57717
5105;57719
5106;57715
5107;57719
5108;57717
5109;57719
5110;57719
5111;57719
5112;57720
5113;57720
5114;57716
5115;57716
5116;57717
5117;57719
5118;57717
5119;57720
5120;57719
5121;57717
5122;57717
5123;57717
5124;57717
5125;57718
5126;57718
5127;57718
5128;57717
5129;57718
5130;57717
5131;57718
5132;57714
5133;57716
5134;57716
5135;57716
5136;57718
5137;57718
5138;57715
5139;57718
5140;57715
5141;57716
5142;57718
5143;57718
5144;57718
5145;57718
5146;57717
5147;57718
5148;57719
5149;57719
5150;57716
5151;57716
5152;57719
5153;57719
5154;57719
5155;57719
5156;57716
5157;57716
5158;57717
5159;57717
5160;57717
5161;57716
5162;57719
5163;57719
5164;57719
5165;57717
5166;57717
5167;57720
5168;57720
5169;57718
5170;57719
5171;57718
5172;57720
5173;57718
5174;57717
5175;57719
5176;57719
5177;57720
5178;57727
5179;57730
5180;57729
5181;57730
5182;57728
5183;57728
5184;57730
5185;57728
5186;57728
5187;57727
5188;57727
5189;57727
5190;57726
5191;57726
5192;57728
5193;57728
5194;57729
5195;57729
5196;57728
5197;57728
5198;57727
5199;57727
5200;57725
5201;57725
5202;57725
5203;57728
5204;57727
5205;57726
5206;57727
5207;57726
5208;57726
5209;57729
5210;57729
5211;57729
5212;57729
5213;57728
5214;57728
5215;57730
5216;57730
5217;57728
5218;57728
5219;57727
5220;57729
5221;57727
5222;57727
5223;57727
5224;57729
5225;57729
5226;57729
5227;57729
5228;57729
5229;57727
5230;57728
5231;57729
5232;57731
5233;57729
5234;57730
5235;57730
5236;57730
5237;57730
5238;57730
5239;57729
5240;57728
5241;57729
5242;57730
5243;57731
5244;57731
5245;57730
5246;57731
5247;57731
5248;57730
5249;57729
5250;57728
5251;57727
5252;57726
5253;57728
5254;57728
5255;57728
5256;57726
5257;57726
5258;57725
5259;57727
5260;57727
5261;57727
5262;57727
5263;57726
5264;57725
5265;57728
5266;57727
5267;57727
5268;57728
5269;57728
5270;57728
5271;57728
5272;57728
5273;57727
5274;57728
5275;57728
5276;57729
5277;57728
5278;57728
5279;57729
5280;57729
5281;57726
5282;57726
5283;57729
5284;57729
5285;57729
5286;57726
5287;57726
5288;57728
5289;57727
5290;57729
5291;57729
5292;57729
5293;57727
5294;57727
5295;57729
5296;57729
5297;57727
5298;57729
5299;57729
5300;57728
5301;57729
5302;57729
5303;57729
5304;57729
5305;57730
5306;57730
5307;57730
5308;57729
5309;57729
5310;57729
5311;57730
5312;57729
5313;57730
5314;57728
5315;57728
5316;57728
5317;57728
5318;57730
5319;57729
5320;57729
5321;57729
5322;57729
5323;57729
5324;57727
5325;57727
5326;57728
5327;57729
5328;57728
5329;57730
5330;57728
5331;57729
5332;57729
5333;57728
5334;57728
5335;57728
5336;57729
5337;57729
5338;57729
5339;57729
5340;57730
5341;57730
5342;57730
5343;57731
5344;57730
5345;57730
5346;57730
5347;57730
5348;57729
5349;57730
5350;57731
5351;57731
5352;57730
5353;57730
5354;57729
5355;57730
5356;57728
5357;57728
5358;57730
5359;57728
5360;57729
5361;57729
5362;57729
5363;57730
5364;57728
5365;57730
5366;57730
5367;57730
5368;57729
5369;57728
5370;57728
5371;57728
5372;57730
5373;57730
5374;57730
5375;57730
5376;57730
5377;57729
5378;57729
5379;57730
5380;57728
5381;57727
5382;57727
5383;57729
5384;57729
5385;57729
5386;57729
5387;57729
5388;57728
5389;57730
5390;57730
5391;57730
5392;57729
5393;57728
5394;57728
5395;57727
5396;57729
5397;57730
5398;57730
5399;57730
5400;57732
5401;57729
5402;57730
5403;57731
5404;57731
5405;57730
5406;57730
5407;57731
5408;57731
5409;57729
5410;57729
5411;57729
5412;57729
5413;57729
5414;57729
5415;57729
5416;57730
5417;57727
5418;57727
5419;57729
5420;57729
5421;57730
5422;57730
5423;57730
5424;57731
5425;57730
5426;57730
5427;57728
5428;57728
5429;57728
5430;57728
5431;57728
5432;57728
5433;57730
5434;57727
5435;57727
5436;57726
5437;57726
5438;57728
5439;57730
5440;57728
5441;57726
5442;57726
5443;57728
5444;57726
5445;57726
5446;57725
5447;57723
5448;57722
5449;57724
5450;57724
5451;57724
5452;57724
5453;57724
5454;57723
5455;57724
5456;57724
5457;57724
5458;57724
5459;57724
5460;57725
5461;57723
5462;57724
5463;57725
5464;57723
5465;57725
5466;57724
5467;57724
5468;57723
5469;57723
5470;57724
5471;57725
5472;57725
5473;57726
5474;57726
5475;57726
5476;57724
5477;57723
5478;57723
5479;57723
5480;57723
5481;57725
5482;57725
5483;57724
5484;57724
5485;57725
5486;57725
5487;57723
5488;57725
5489;57725
5490;57727
5491;57727
5492;57724
5493;57723
5494;57723
5495;57725
5496;57726
5497;57724
5498;57725
5499;57725
5500;57725
5501;57726
5502;57726
5503;57726
5504;57726
5505;57726
5506;57724
5507;57724
5508;57727
5509;57727
5510;57728
5511;57726
5512;57727
5513;57727
5514;57727
5515;57728
5516;57727
5517;57727
5518;57727
5519;57729
5520;57729
5521;57727
5522;57728
5523;57729
5524;57729
5525;57729
5526;57729
5527;57730
5528;57731
5529;57731
5530;57731
5531;57730
5532;57729
5533;57729
5534;57729
5535;57728
5536;57729
5537;57732
5538;57731
5539;57731
5540;57728
5541;57728
5542;57728
5543;57728
5544;57728
5545;57730
5546;57730
5547;57730
5548;57730
5549;57730
5550;57730
5551;57728
5552;57728
5553;57728
5554;57728
5555;57728
5556;57728
5557;57730
5558;57730
5559;57729
5560;57730
5561;57729
5562;57728
5563;57728
5564;57730
5565;57730
5566;57730
5567;57729
5568;57731
5569;57728
5570;57728
5571;57729
5572;57729
5573;57731
5574;57729
5575;57728
5576;57728
5577;57729
5578;57727
5579;57727
5580;57729
5581;57729
5582;57725
5583;57726
5584;57726
5585;57728
5586;57727
5587;57728
5588;57729
5589;57728
5590;57729
5591;57729
5592;57729
5593;57728
5594;57729
5595;57728
5596;57728
5597;57727
5598;57726
5599;57726
5600;57724
5601;57724
5602;57725
5603;57725
5604;57726
5605;57726
5606;57726
5607;57727
5608;57726
5609;57727
5610;57727
5611;57727
5612;57726
5613;57727
5614;57727
5615;57727
5616;57725
5617;57727
5618;57727
5619;57727
5620;57724
5621;57724
5622;57726
5623;57726
5624;57726
5625;57726
5626;57726
5627;57726
5628;57725
5629;57725
5630;57726
5631;57726
5632;57726
5633;57726
5634;57726
5635;57727
5636;57726
5637;57727
5638;57727
5639;57726
5640;57727
5641;57727
5642;57727
5643;57726
5644;57727
5645;57728
5646;57727
5647;57727
5648;57728
5649;57728
5650;57727
5651;57727
5652;57727
5653;57728
5654;57728
5655;57728
5656;57728
5657;57728
5658;57727
5659;57727
5660;57729
5661;57729
5662;57729
5663;57729
5664;57729
5665;57728
5666;57727
5667;57727
5668;57729
5669;57727
5670;57729
5671;57729
5672;57730
5673;57730
5674;57729
5675;57730
5676;57730
5677;57729
5678;57728
5679;57730
5680;57731
5681;57731
5682;57730
5683;57731
5684;57735
5685;57734
5686;57735
5687;57735
5688;57734
5689;57735
5690;57735
5691;57735
5692;57735
5693;57735
5694;57735
5695;57735
5696;57735
5697;57735
5698;57733
5699;57734
5700;57734
5701;57734
5702;57734
5703;57734
5704;57735
5705;57735
5706;57734
5707;57731
5708;57730
5709;57730
5710;57730
5711;57730
5712;57730
5713;57730
5714;57731
5715;57731
5716;57732
5717;57730
5718;57732
5719;57732
5720;57733
5721;57732
5722;57733
5723;57732
5724;57733
5725;57733
5726;57732
5727;57734
5728;57734
5729;57730
5730;57727
5731;57729
5732;57727
5733;57727
5734;57729
5735;57728
5736;57729
5737;57730
5738;57731
5739;57729
5740;57729
5741;57731
5742;57731
5743;57730
5744;57730
5745;57729
5746;57728
5747;57728
5748;57729
5749;57729
5750;57729
5751;57727
5752;57726
5753;57728
5754;57728
5755;57728
5756;57728
5757;57729
5758;57727
5759;57729
5760;57729
5761;57729
5762;57729
5763;57729
5764;57730
5765;57731
5766;57731
5767;57731
5768;57732
5769;57730
5770;57729
5771;57729
5772;57728
5773;57728
5774;57730
5775;57730
5776;57730
5777;57730
5778;57731
5779;57731
5780;57732
5781;57730
5782;57729
5783;57729
5784;57731
5785;57729
5786;57731
5787;57731
5788;57731
5789;57731
5790;57732
5791;57731
5792;57731
5793;57731
5794;57731
5795;57731
5796;57729
5797;57729
5798;57729
5799;57729
5800;57729
5801;57731
5802;57728
5803;57730
5804;57729
5805;57729
5806;57730
5807;57730
5808;57730
5809;57730
5810;57730
5811;57731
5812;57730
5813;57730
5814;57730
5815;57730
5816;57728
5817;57730
5818;57730
5819;57730
5820;57729
5821;57730
5822;57732
5823;57732
5824;57732
5825;57732
5826;57730
5827;57732
5828;57732
5829;57732
5830;57731
5831;57730
5832;57730
5833;57729
5834;57729
5835;57729
5836;57728
5837;57733
5838;57733
5839;57733
5840;57729
5841;57731
5842;57729
5843;57729
5844;57729
5845;57731
5846;57731
5847;57731
5848;57732
5849;57732
5850;57732
5851;57732
5852;57731
5853;57732
5854;57733
5855;57733
5856;57733
5857;57730
5858;57730
5859;57729
5860;57729
5861;57731
5862;57731
5863;57730
5864;57730
5865;57732
5866;57732
5867;57732
5868;57729
5869;57732
5870;57732
5871;57730
5872;57730
5873;57730
5874;57730
5875;57730
5876;57729
5877;57730
5878;57730
5879;57730
5880;57730
5881;57730
5882;57730
5883;57729
5884;57731
5885;57732
5886;57732
5887;57732
5888;57732
5889;57730
5890;57728
5891;57731
5892;57730
5893;57731
5894;57727
5895;57732
5896;57732
5897;57733
5898;57733
5899;57731
5900;57732
5901;57732
5902;57730
5903;57733
5904;57731
5905;57731
5906;57731
5907;57733
5908;57734
5909;57730
5910;57733
5911;57733
5912;57728
5913;57733
5914;57733
5915;57730
5916;57730
5917;57732
5918;57730
5919;57730
5920;57732
5921;57732
5922;57733
5923;57730
5924;57731
5925;57731
5926;57732
5927;57734
5928;57734
5929;57734
5930;57734
5931;57733
5932;57735
5933;57735
5934;57733
5935;57733
5936;57733
5937;57735
5938;57735
5939;57734
5940;57732
5941;57732
5942;57734
5943;57734
5944;57732
5945;57732
5946;57732
5947;57732
5948;57731
5949;57731
5950;57734
5951;57734
5952;57734
5953;57734
5954;57734
5955;57734
5956;57734
5957;57734
5958;57734
5959;57733
5960;57733
5961;57733
5962;57734
5963;57734
5964;57733
5965;57734
5966;57734
5967;57732
5968;57732
5969;57733
5970;57731
5971;57732
5972;57731
5973;57732
5974;57731
5975;57731
5976;57731
5977;57731
5978;57732
5979;57731
5980;57731
5981;57731
5982;57732
5983;57730
5984;57730
5985;57732
5986;57732
5987;57730
5988;57730
5989;57730
5990;57729
5991;57731
5992;57732
5993;57730
5994;57732
5995;57732
5996;57732
5997;57733
5998;57733
5999;57733
6000;57731
6001;57731
6002;57733
6003;57733
6004;57731
6005;57731
6006;57733
6007;57733
6008;57734
6009;57734
6010;57734
6011;57734
6012;57732
6013;57732
6014;57733
6015;57733
6016;57733
6017;57734
6018;57732
6019;57734
6020;57734
6021;57734
6022;57734
6023;57734
6024;57734
6025;57746
6026;57749
6027;57752
6028;57752
6029;57755
6030;57755
6031;57754
6032;57755
6033;57754
6034;57757
6035;57756
6036;57756
6037;57758
6038;57758
6039;57758
6040;57756
6041;57755
6042;57754
6043;57753
6044;57754
6045;57757
6046;57755
6047;57755
6048;57753
6049;57754
6050;57754
6051;57751
6052;57757
6053;57754
6054;57753
6055;57752
6056;57754
6057;57757
6058;57756
6059;57755
6060;57753
6061;57753
6062;57753
6063;57755
6064;57752
6065;57754
6066;57752
6067;57754
6068;57752
6069;57754
6070;57752
6071;57754
6072;57750
6073;57749
6074;57750
6075;57751
6076;57751
6077;57752
6078;57752
6079;57751
6080;57750
6081;57750
6082;57752
6083;57750
6084;57750
6085;57749
6086;57748
6087;57748
6088;57748
6089;57749
6090;57749
6091;57747
6092;57747
6093;57747
6094;57748
6095;57746
6096;57746
6097;57747
6098;57748
6099;57748
6100;57748
6101;57748
6102;57748
6103;57748
6104;57748
6105;57747
6106;57746
6107;57748
6108;57748
6109;57751
6110;57751
6111;57750
6112;57750
6113;57750
6114;57751
6115;57750
6116;57751
6117;57750
6118;57748
6119;57750
6120;57750
6121;57750
6122;57750
6123;57749
6124;57750
6125;57749
6126;57749
6127;57749
6128;57749
6129;57748
6130;57750
6131;57748
6132;57750
6133;57750
6134;57748
6135;57748
6136;57748
6137;57748
6138;57749
6139;57748
6140;57750
6141;57750
6142;57750
6143;57749
6144;57749
6145;57749
6146;57752
6147;57752
6148;57749
6149;57750
6150;57748
6151;57750
6152;57750
6153;57748
6154;57747
6155;57748
6156;57748
6157;57749
6158;57753
6159;57752
6160;57751
6161;57752
6162;57749
6163;57750
6164;57749
6165;57750
6166;57747
6167;57749
6168;57749
6169;57749
6170;57749
6171;57746
6172;57749
6173;57746
6174;57748
6175;57747
6176;57747
6177;57747
6178;57747
6179;57749
6180;57749
6181;57747
6182;57749
6183;57747
6184;57747
6185;57747
6186;57747
6187;57749
6188;57749
6189;57749
6190;57749
6191;57749
6192;57748
6193;57750
6194;57748
6195;57748
6196;57758
6197;57760
6198;57760
6199;57760
6200;57761
6201;57763
6202;57764
6203;57763
6204;57761
6205;57763
6206;57763
6207;57761
6208;57759
6209;57760
6210;57760
6211;57764
6212;57763
6213;57765
6214;57765
6215;57765
6216;57765
6217;57765
6218;57763
6219;57766
6220;57766
6221;57763
6222;57763
6223;57765
6224;57765
6225;57763
6226;57765
6227;57763
6228;57765
6229;57764
6230;57765
6231;57765
6232;57763
6233;57763
6234;57763
6235;57765
6236;57765
6237;57764
6238;57766
6239;57766
6240;57765
6241;57768
6242;57769
6243;57766
6244;57768
6245;57768
6246;57770
6247;57770
6248;57768
6249;57768
6250;57768
6251;57766
6252;57766
6253;57770
6254;57770
6255;57769
6256;57769
6257;57769
6258;57767
6259;57769
6260;57769
6261;57767
6262;57769
6263;57768
6264;57767
6265;57768
6266;57766
6267;57766
6268;57766
6269;57765
6270;57768
6271;57765
6272;57765
6273;57767
6274;57766
6275;57765
6276;57765
6277;57765
6278;57765
6279;57762
6280;57762
6281;57765
6282;57762
6283;57762
6284;57763
6285;57764
6286;57761
6287;57761
6288;57763
6289;57763
6290;57762
6291;57761
6292;57762
6293;57762
6294;57762
6295;57765
6296;57762
6297;57763
6298;57763
6299;57763
6300;57761
6301;57765
6302;57764
6303;57761
6304;57760
6305;57760
6306;57760
6307;57763
6308;57763
6309;57762
6310;57762
6311;57762
6312;57761
6313;57761
6314;57761
6315;57760
6316;57763
6317;57757
6318;57757
6319;57757
6320;57756
6321;57756
6322;57756
6323;57758
6324;57759
6325;57759
6326;57759
6327;57759
6328;57760
6329;57760
6330;57759
6331;57759
6332;57758
6333;57758
6334;57759
6335;57760
6336;57759
6337;57759
6338;57759
6339;57761
6340;57760
6341;57760
6342;57760
6343;57760
6344;57760
6345;57760
6346;57758
6347;57760
6348;57764
6349;57765
6350;57766
6351;57766
6352;57765
6353;57765
6354;57765
6355;57765
6356;57764
6357;57764
6358;57764
6359;57763
6360;57762
6361;57762
6362;57760
6363;57764
6364;57765
6365;57765
6366;57763
6367;57762
6368;57763
6369;57759
6370;57763
6371;57760
6372;57762
6373;57762
6374;57760
6375;57760
6376;57760
6377;57759
6378;57759
6379;57760
6380;57761
6381;57759
6382;57760
6383;57760
6384;57760
6385;57759
6386;57757
6387;57759
6388;57757
6389;57757
6390;57758
6391;57757
6392;57757
6393;57757
6394;57755
6395;57755
6396;57758
6397;57756
6398;57759
6399;57757
6400;57757
6401;57757
6402;57757
6403;57759
6404;57759
6405;57758
6406;57758
6407;57758
6408;57756
6409;57757
6410;57757
6411;57758
6412;57761
6413;57761
6414;57761
6415;57761
6416;57760
6417;57760
6418;57759
6419;57758
6420;57758
6421;57758
6422;57756
6423;57755
6424;57755
6425;57755
6426;57755
6427;57756
6428;57757
6429;57758
6430;57758
6431;57755
6432;57757
6433;57757
6434;57756
6435;57756
6436;57758
6437;57756
6438;57756
6439;57752
6440;57750
6441;57752
6442;57752
6443;57752
6444;57753
6445;57753
6446;57753
6447;57753
6448;57753
6449;57753
6450;57752
6451;57753
6452;57754
6453;57752
6454;57755
6455;57755
6456;57755
6457;57755
6458;57756
6459;57756
6460;57755
6461;57755
6462;57757
6463;57754
6464;57758
6465;57752
6466;57753
6467;57753
6468;57752
6469;57753
6470;57752
6471;57752
6472;57754
6473;57754
6474;57754
6475;57754
6476;57755
6477;57755
6478;57755
6479;57755
6480;57754
6481;57757
6482;57759
6483;57758
6484;57758
6485;57757
6486;57759
6487;57760
6488;57752
6489;57750
6490;57751
6491;57751
6492;57751
6493;57750
6494;57749
6495;57749
6496;57751
6497;57750
6498;57752
6499;57751
6500;57752
6501;57754
6502;57755
6503;57756
6504;57756
6505;57756
6506;57756
6507;57754
6508;57757
6509;57757
6510;57757
6511;57756
6512;57757
6513;57755
6514;57755
6515;57756
6516;57755
6517;57755
6518;57755
6519;57755
6520;57755
6521;57761
6522;57761
6523;57761
6524;57761
6525;57761
6526;57757
6527;57757
6528;57758
6529;57758
6530;57759
6531;57758
6532;57758
6533;57758
6534;57758
6535;57758
6536;57759
6537;57756
6538;57756
6539;57759
6540;57759
6541;57758
6542;57759
6543;57760
6544;57764
6545;57763
6546;57761
6547;57761
6548;57761
6549;57763
6550;57765
6551;57764
6552;57764
6553;57762
6554;57763
6555;57763
6556;57763
6557;57765
6558;57765
6559;57763
6560;57765
6561;57769
6562;57770
6563;57770
6564;57770
6565;57772
6566;57772
6567;57770
6568;57770
6569;57772
6570;57770
6571;57763
6572;57762
6573;57763
6574;57764
6575;57764
6576;57764
6577;57764
6578;57763
6579;57762
6580;57762
6581;57762
6582;57762
6583;57763
6584;57764
6585;57764
6586;57764
6587;57764
6588;57762
6589;57763
6590;57761
6591;57766
6592;57766
6593;57768
6594;57768
6595;57766
6596;57767
6597;57768
6598;57766
6599;57767
6600;57769
6601;57769
6602;57769
6603;57769
6604;57769
6605;57768
6606;57769
6607;57769
6608;57769
6609;57769
6610;57769
6611;57769
6612;57765
6613;57769
6614;57769
6615;57769
6616;57768
6617;57768
6618;57769
6619;57769
6620;57766
6621;57766
6622;57766
6623;57772
6624;57778
6625;57779
6626;57777
6627;57780
6628;57780
6629;57780
6630;57777
6631;57777
6632;57778
6633;57777
6634;57777
6635;57779
6636;57777
6637;57777
6638;57779
6639;57779
6640;57776
6641;57776
6642;57779
6643;57776
6644;57776
6645;57775
6646;57775
6647;57775
6648;57774
6649;57774
6650;57776
6651;57775
6652;57775
6653;57774
6654;57776
6655;57776
6656;57774
6657;57775
6658;57775
6659;57775
6660;57777
6661;57777
6662;57777
6663;57777
6664;57777
6665;57777
6666;57775
6667;57775
6668;57777
6669;57777
6670;57777
6671;57777
6672;57777
6673;57777
6674;57775
6675;57777
6676;57775
6677;57777
6678;57777
6679;57777
6680;57778
6681;57779
6682;57780
6683;57781
6684;57777
6685;57777
6686;57780
6687;57781
6688;57781
6689;57780
6690;57780
6691;57778
6692;57781
6693;57780
6694;57780
6695;57778
6696;57778
6697;57778
6698;57778
6699;57778
6700;57779
6701;57777
6702;57780
6703;57780
6704;57780
6705;57780
6706;57780
6707;57780
6708;57778
6709;57777
6710;57778
6711;57778
6712;57776
6713;57775
6714;57776
6715;57775
6716;57776
6717;57776
6718;57775
6719;57775
6720;57775
6721;57774
6722;57776
6723;57773
6724;57773
6725;57776
6726;57776
6727;57775
6728;57775
6729;57774
6730;57776
6731;57776
6732;57774
6733;57776
6734;57776
6735;57777
6736;57778
6737;57778
6738;57777
6739;57777
6740;57775
6741;57779
6742;57775
6743;57775
6744;57775
6745;57777
6746;57775
6747;57775
6748;57776
6749;57777
6750;57777
6751;57777
6752;57778
6753;57776
6754;57779
6755;57779
6756;57779
6757;57779
6758;57779
6759;57777
6760;57779
6761;57781
6762;57779
6763;57779
6764;57778
6765;57779
6766;57777
6767;57777
6768;57779
6769;57777
6770;57777
6771;57775
6772;57775
6773;57775
6774;57777
6775;57775
6776;57778
6777;57778
6778;57778
6779;57777
6780;57777
6781;57775
6782;57775
6783;57773
6784;57774
6785;57773
6786;57774
6787;57773
6788;57774
6789;57775
6790;57775
6791;57775
6792;57773
6793;57773
6794;57773
6795;57772
6796;57773
6797;57773
6798;57773
6799;57773
6800;57772
6801;57772
6802;57771
6803;57771
6804;57771
6805;57771
6806;57772
6807;57772
6808;57768
6809;57771
6810;57770
6811;57769
6812;57769
6813;57772
6814;57771
6815;57771
6816;57770
6817;57771
6818;57771
6819;57772
6820;57770
6821;57772
6822;57772
6823;57772
6824;57772
6825;57772
6826;57773
6827;57772
6828;57773
6829;57773
6830;57773
6831;57774
6832;57773
6833;57773
6834;57774
6835;57772
6836;57774
6837;57773
6838;57771
6839;57771
6840;57773
6841;57772
6842;57772
6843;57772
6844;57771
6845;57772
6846;57770
6847;57771
6848;57773
6849;57771
6850;57771
6851;57771
6852;57771
6853;57771
6854;57771
6855;57771
6856;57766
6857;57766
6858;57766
6859;57766
6860;57763
6861;57763
6862;57762
6863;57762
6864;57761
6865;57761
6866;57763
6867;57763
6868;57762
6869;57763
6870;57762
6871;57764
6872;57764
6873;57763
6874;57763
6875;57764
6876;57764
6877;57763
6878;57763
6879;57762
6880;57763
6881;57763
6882;57765
6883;57766
6884;57766
6885;57767
6886;57765
6887;57765
6888;57767
6889;57767
6890;57764
6891;57767
6892;57768
6893;57769
6894;57768
6895;57768
6896;57768
6897;57769
6898;57770
6899;57768
6900;57768
6901;57768
6902;57769
6903;57768
6904;57771
6905;57770
6906;57770
6907;57769
6908;57770
6909;57770
6910;57768
6911;57769
6912;57769
6913;57769
6914;57770
6915;57770
6916;57769
6917;57768
6918;57769
6919;57768
6920;57768
6921;57767
6922;57766
6923;57766
6924;57769
6925;57769
6926;57769
6927;57770
6928;57770
6929;57770
6930;57771
6931;57768
6932;57772
6933;57770
6934;57770
6935;57770
6936;57768
6937;57770
6938;57770
6939;57768
6940;57765
6941;57770
6942;57768
6943;57768
6944;57769
6945;57769
6946;57770
6947;57768
6948;57769
6949;57769
6950;57770
6951;57768
6952;57770
6953;57770
6954;57766
6955;57768
6956;57770
6957;57770
6958;57770
6959;57770
6960;57771
6961;57771
6962;57771
6963;57769
6964;57769
6965;57767
6966;57770
6967;57770
6968;57770
6969;57770
6970;57769
6971;57770
6972;57768
6973;57768
6974;57768
6975;57768
6976;57770
6977;57769
6978;57769
6979;57768
6980;57769
6981;57767
6982;57767
6983;57769
6984;57766
6985;57769
6986;57767
6987;57767
6988;57770
6989;57770
6990;57767
6991;57770
6992;57770
6993;57768
6994;57768
6995;57769
6996;57769
6997;57769
6998;57769
6999;57770
7000;57769
7001;57769
7002;57770
7003;57771
7004;57771
7005;57770
7006;57771
7007;57770
7008;57770
7009;57770
7010;57770
7011;57771
7012;57772
7013;57771
7014;57772
7015;57769
7016;57772
7017;57772
7018;57772
7019;57770
7020;57770
7021;57773
7022;57773
7023;57771
7024;57772
7025;57773
7026;57771
7027;57771
7028;57772
7029;57770
7030;57772
7031;57772
7032;57770
7033;57770
7034;57770
7035;57771
7036;57771
7037;57772
7038;57770
7039;57771
7040;57772
7041;57772
7042;57772
7043;57773
7044;57770
7045;57770
7046;57771
7047;57772
7048;57771
7049;57770
7050;57771
7051;57771
7052;57770
7053;57768
7054;57768
7055;57769
7056;57768
7057;57769
7058;57767
7059;57769
7060;57769
7061;57769
7062;57768
7063;57769
7064;57769
7065;57768
7066;57768
7067;57767
7068;57767
7069;57768
7070;57767
7071;57766
7072;57768
7073;57766
7074;57768
7075;57768
7076;57769
7077;57769
7078;57769
7079;57763
7080;57763
7081;57763
7082;57763
7083;57763
7084;57763
7085;57763
7086;57763
7087;57763
7088;57763
7089;57765
7090;57763
7091;57763
7092;57763
7093;57763
7094;57765
7095;57765
7096;57765
7097;57765
7098;57763
7099;57764
7100;57764
7101;57763
7102;57763
7103;57766
7104;57766
7105;57765
7106;57767
7107;57767
7108;57767
7109;57764
7110;57764
7111;57764
7112;57764
7113;57765
7114;57762
7115;57761
7116;57761
7117;57762
7118;57762
7119;57764
7120;57765
7121;57762
7122;57760
7123;57760
7124;57760
7125;57760
7126;57761
7127;57760
7128;57761
7129;57763
7130;57761
7131;57761
7132;57761
7133;57760
7134;57762
7135;57760
7136;57762
7137;57760
7138;57761
7139;57760
7140;57760
7141;57759
7142;57759
7143;57760
7144;57759
7145;57759
7146;57758
7147;57758
7148;57758
7149;57758
7150;57759
7151;57759
7152;57758
7153;57759
7154;57757
7155;57757
7156;57757
7157;57757
7158;57759
7159;57757
7160;57757
7161;57757
7162;57755
7163;57754
7164;57754
7165;57754
7166;57756
7167;57753
7168;57753
7169;57753
7170;57753
7171;57753
7172;57756
7173;57755
7174;57756
7175;57759
7176;57757
7177;57759
7178;57756
7179;57759
7180;57758
7181;57758
7182;57754
7183;57754
7184;57757
7185;57757
7186;57757
7187;57756
7188;57756
7189;57758
7190;57757
7191;57759
7192;57759
7193;57757
7194;57757
7195;57758
7196;57758
7197;57755
7198;57758
7199;57756
7200;57756
7201;57757
7202;57755
7203;57754
7204;57755
7205;57755
7206;57756
7207;57752
7208;57752
7209;57754
7210;57756
7211;57757
7212;57757
7213;57755
7214;57755
7215;57755
7216;57755
7217;57755
7218;57755
7219;57755
7220;57758
7221;57755
7222;57755
7223;57757
7224;57758
7225;57756
7226;57756
7227;57756
7228;57756
7229;57757
7230;57757
7231;57757
7232;57758
7233;57757
7234;57758
7235;57758
7236;57754
7237;57758
7238;57758
7239;57756
7240;57756
7241;57756
7242;57757
7243;57758
7244;57758
7245;57758
7246;57758
7247;57756
7248;57756
7249;57756
7250;57756
7251;57756
7252;57759
7253;57759
7254;57760
7255;57757
7256;57760
7257;57759
7258;57760
7259;57758
7260;57758
7261;57760
7262;57757
7263;57757
7264;57759
7265;57757
7266;57759
7267;57759
7268;57759
7269;57759
7270;57759
7271;57759
7272;57755
7273;57753
7274;57755
7275;57755
7276;57756
7277;57755
7278;57755
7279;57752
7280;57755
7281;57756
7282;57755
7283;57759
7284;57759
7285;57758
7286;57760
7287;57761
7288;57757
7289;57757
7290;57761
7291;57761
7292;57763
7293;57763
7294;57760
7295;57759
7296;57759
7297;57760
7298;57762
7299;57763
7300;57761
7301;57761
7302;57761
7303;57761
7304;57761
7305;57763
7306;57763
7307;57761
7308;57761
7309;57762
7310;57762
7311;57765
7312;57762
7313;57762
7314;57762
7315;57757
7316;57762
7317;57760
7318;57763
7319;57762
7320;57762
7321;57762
7322;57761
7323;57762
7324;57759
7325;57763
7326;57765
7327;57762
7328;57762
7329;57764
7330;57764
7331;57761
7332;57764
7333;57764
7334;57761
7335;57762
7336;57764
7337;57764
7338;57762
7339;57761
7340;57761
7341;57762
7342;57762
7343;57757
7344;57758
7345;57758
7346;57757
7347;57757
7348;57760
7349;57761
7350;57759
7351;57764
7352;57764
7353;57764
7354;57760
7355;57760
7356;57760
7357;57760
7358;57759
7359;57759
7360;57759
7361;57760
7362;57762
7363;57762
7364;57762
7365;57762
7366;57760
7367;57760
7368;57760
7369;57763
7370;57761
7371;57761
7372;57761
7373;57763
7374;57763
7375;57763
7376;57763
7377;57763
7378;57762
7379;57762
7380;57762
7381;57763
7382;57764
7383;57763
7384;57764
7385;57764
7386;57763
7387;57764
7388;57766
7389;57764
7390;57764
7391;57764
7392;57764
7393;57763
7394;57763
7395;57763
7396;57763
7397;57762
7398;57763
7399;57763
7400;57763
7401;57763
7402;57760
7403;57764
7404;57761
7405;57761
7406;57764
7407;57764
7408;57763
7409;57765
7410;57765
7411;57763
7412;57765
7413;57765
7414;57765
7415;57765
7416;57764
7417;57764
7418;57764
7419;57766
7420;57766
7421;57764
7422;57767
7423;57767
7424;57767
7425;57767
7426;57767
7427;57766
7428;57766
7429;57765
7430;57764
7431;57764
7432;57766
7433;57766
7434;57766
7435;57765
7436;57766
7437;57766
7438;57766
7439;57764
7440;57764
7441;57764
7442;57765
7443;57766
7444;57766
7445;57766
7446;57766
7447;57766
7448;57766
7449;57766
7450;57767
7451;57767
7452;57767
7453;57767
7454;57765
7455;57765
7456;57767
7457;57767
7458;57768
7459;57767
7460;57768